term_idx,term_name,nnz_items,sum_tfidf,avg_tfidf_when_present
1221,tfidf_term_01221,29433,6517.3876953125,0.22143130823607854
1405,tfidf_term_01405,24416,11572.865234375,0.47398694439609274
1216,tfidf_term_01216,24416,11372.0830078125,0.46576355700411615
447,tfidf_term_00447,12582,1592.453857421875,0.12656603540151606
374,tfidf_term_00374,10415,1416.92333984375,0.13604640805028806
1175,tfidf_term_01175,10354,1288.06591796875,0.12440273497863144
564,tfidf_term_00564,9143,877.8805541992188,0.09601668535483088
437,tfidf_term_00437,8933,1109.084716796875,0.1241559069514021
756,tfidf_term_00756,8231,1168.2283935546875,0.14193031145118304
813,tfidf_term_00813,8116,907.8994140625,0.1118653787657097
604,tfidf_term_00604,7497,717.0336303710938,0.09564274114593754
296,tfidf_term_00296,7443,848.6343383789062,0.1140177802470652
1164,tfidf_term_01164,7356,1001.5479125976562,0.1361538761008233
798,tfidf_term_00798,6854,775.7478637695312,0.11318177177845509
761,tfidf_term_00761,6582,813.4727172851562,0.12359050703208087
891,tfidf_term_00891,6507,761.66259765625,0.11705280431170278
699,tfidf_term_00699,6468,645.0209350585938,0.09972494357739545
1431,tfidf_term_01431,6320,3093.150390625,0.48942253016218357
1066,tfidf_term_01066,6140,588.4148559570312,0.09583303842948392
542,tfidf_term_00542,5869,711.7354736328125,0.12127031413065471
695,tfidf_term_00695,5606,683.4278564453125,0.12191007071803647
239,tfidf_term_00239,5454,563.5489501953125,0.10332764029983728
716,tfidf_term_00716,5362,551.4268188476562,0.10283976479814551
1160,tfidf_term_01160,5125,583.0384521484375,0.11376360041920731
728,tfidf_term_00728,4508,567.833984375,0.12596139848602483
1105,tfidf_term_01105,4454,459.77008056640625,0.10322633151468483
323,tfidf_term_00323,4442,567.4736328125,0.12775183088980188
1180,tfidf_term_01180,4384,597.836669921875,0.13636785354057368
119,tfidf_term_00119,4323,450.6800842285156,0.10425169655991572
97,tfidf_term_00097,4193,404.4683532714844,0.09646276014106472
1426,tfidf_term_01426,4128,2020.6578369140625,0.48950044498887174
888,tfidf_term_00888,4120,415.8910827636719,0.10094443756399803
299,tfidf_term_00299,3975,521.7608032226562,0.13126057942708333
908,tfidf_term_00908,3942,469.0622253417969,0.11899092474424071
1172,tfidf_term_01172,3934,463.9134826660156,0.11792411862379655
372,tfidf_term_00372,3918,458.17889404296875,0.11694203523301908
810,tfidf_term_00810,3800,433.50732421875,0.1140808747944079
126,tfidf_term_00126,3796,405.93408203125,0.10693732403352213
265,tfidf_term_00265,3787,407.8977355957031,0.10770999091515794
557,tfidf_term_00557,3758,478.0125427246094,0.12719865426413235
52,tfidf_term_00052,3735,433.2662658691406,0.11600167760887299
546,tfidf_term_00546,3689,402.32110595703125,0.10905966548035545
840,tfidf_term_00840,3679,442.4004821777344,0.12025019901542114
388,tfidf_term_00388,3674,507.17584228515625,0.13804459506944916
1135,tfidf_term_01135,3642,614.6705932617188,0.16877281528328356
273,tfidf_term_00273,3498,345.10565185546875,0.09865799081059713
354,tfidf_term_00354,3477,443.6114196777344,0.12758453255039814
1193,tfidf_term_01193,3447,368.6693115234375,0.1069536732008812
616,tfidf_term_00616,3432,362.4015808105469,0.1055948662035393
694,tfidf_term_00694,3300,359.37823486328125,0.10890249541311553
757,tfidf_term_00757,3296,534.1527099609375,0.16206089501242035
444,tfidf_term_00444,3237,357.3436584472656,0.11039346878197888
1106,tfidf_term_01106,3153,340.4407043457031,0.10797358209505332
244,tfidf_term_00244,3122,348.7203674316406,0.11169774741564402
83,tfidf_term_00083,3078,333.2999572753906,0.10828458650922372
958,tfidf_term_00958,3054,381.2544860839844,0.12483774920890124
335,tfidf_term_00335,2990,429.425048828125,0.14362041766826922
40,tfidf_term_00040,2939,321.1133117675781,0.10925937794065264
726,tfidf_term_00726,2925,326.6463623046875,0.11167397001869658
890,tfidf_term_00890,2909,317.58892822265625,0.10917460578296881
873,tfidf_term_00873,2893,460.0319519042969,0.15901553816256372
860,tfidf_term_00860,2853,320.9341125488281,0.11249004996453843
751,tfidf_term_00751,2844,364.733154296875,0.12824653807906997
1100,tfidf_term_01100,2770,390.35357666015625,0.14092186883038132
650,tfidf_term_00650,2764,284.8907775878906,0.10307191663816592
473,tfidf_term_00473,2761,331.3150329589844,0.11999820099926997
409,tfidf_term_00409,2752,482.3824768066406,0.17528433023497117
1127,tfidf_term_01127,2749,534.3846435546875,0.19439237670232357
319,tfidf_term_00319,2698,371.7924499511719,0.13780298367352553
684,tfidf_term_00684,2678,293.0572509765625,0.10943138572687174
701,tfidf_term_00701,2622,356.020263671875,0.13578194648050151
285,tfidf_term_00285,2610,648.2824096679688,0.2483840650068846
1074,tfidf_term_01074,2608,280.2799072265625,0.10746928958073715
679,tfidf_term_00679,2589,296.7934875488281,0.11463634127030828
945,tfidf_term_00945,2584,328.2904357910156,0.12704738227206486
631,tfidf_term_00631,2542,331.6443176269531,0.13046589993192492
835,tfidf_term_00835,2484,257.13330078125,0.10351582157055153
1037,tfidf_term_01037,2480,258.31085205078125,0.10415760163337953
1485,tfidf_term_01485,2429,1643.099365234375,0.6764509531635962
1191,tfidf_term_01191,2422,261.9468078613281,0.10815309986016851
867,tfidf_term_00867,2416,296.70892333984375,0.12280998482609427
1138,tfidf_term_01138,2411,264.30047607421875,0.10962276071099906
383,tfidf_term_00383,2408,355.9390563964844,0.1478152227560151
646,tfidf_term_00646,2403,390.4761047363281,0.16249525790109368
276,tfidf_term_00276,2394,398.37408447265625,0.1664052149008589
233,tfidf_term_00233,2372,373.5374755859375,0.15747785648648294
1427,tfidf_term_01427,2353,1183.7755126953125,0.503092015595118
1264,tfidf_term_01264,2353,1069.155517578125,0.4543797354773162
1401,tfidf_term_01401,2353,980.2929077148438,0.4166140704270479
845,tfidf_term_00845,2353,283.0828857421875,0.12030721875996069
641,tfidf_term_00641,2348,356.26458740234375,0.1517310849243372
394,tfidf_term_00394,2334,295.4450988769531,0.12658316147255919
1167,tfidf_term_01167,2331,386.4056091308594,0.16576817208531075
834,tfidf_term_00834,2326,267.648193359375,0.11506801090256878
869,tfidf_term_00869,2316,246.86569213867188,0.10659140420495332
562,tfidf_term_00562,2314,298.9231262207031,0.12918026197956056
368,tfidf_term_00368,2269,607.68212890625,0.26781936046992066
883,tfidf_term_00883,2258,290.6335754394531,0.12871283234696773
682,tfidf_term_00682,2234,248.31100463867188,0.11115085256878778
352,tfidf_term_00352,2226,259.44873046875,0.11655378727257412
725,tfidf_term_00725,2220,271.3604736328125,0.12223444758234797
778,tfidf_term_00778,2210,292.755859375,0.13246871464932128
396,tfidf_term_00396,2173,324.02471923828125,0.14911399872907558
1286,tfidf_term_01286,2172,1135.1688232421875,0.5226375797615964
231,tfidf_term_00231,2144,294.222412109375,0.13723060266295475
329,tfidf_term_00329,2126,348.7726135253906,0.16405108820573405
1023,tfidf_term_01023,2094,442.2574768066406,0.21120223343201558
1057,tfidf_term_01057,2083,319.1931457519531,0.1532372279174043
261,tfidf_term_00261,2042,517.1133422851562,0.25323865929733413
624,tfidf_term_00624,2005,229.15377807617188,0.11429116113524782
200,tfidf_term_00200,2002,226.77618408203125,0.11327481722379183
978,tfidf_term_00978,1975,243.74502563476562,0.12341520285304589
1274,tfidf_term_01274,1974,1368.3128662109375,0.6931676120622784
1113,tfidf_term_01113,1949,228.8590850830078,0.11742385073525285
713,tfidf_term_00713,1945,290.1248779296875,0.1491644616605077
149,tfidf_term_00149,1944,244.0791015625,0.12555509339634774
676,tfidf_term_00676,1940,221.79737854003906,0.1143285456391954
32,tfidf_term_00032,1918,302.77239990234375,0.1578583941096683
165,tfidf_term_00165,1910,214.8133544921875,0.11246772486501963
545,tfidf_term_00545,1909,232.84716796875,0.12197337242993714
456,tfidf_term_00456,1893,273.9789733886719,0.14473268536115788
269,tfidf_term_00269,1875,218.09024047851562,0.116314794921875
1056,tfidf_term_01056,1866,289.42633056640625,0.15510521466581256
627,tfidf_term_00627,1833,221.64190673828125,0.1209175705064273
522,tfidf_term_00522,1830,482.62835693359375,0.26373134258666325
249,tfidf_term_00249,1802,208.5374755859375,0.11572556913759018
974,tfidf_term_00974,1798,258.27581787109375,0.14364617234209887
637,tfidf_term_00637,1796,203.03189086914062,0.11304670983805157
581,tfidf_term_00581,1796,201.25823974609375,0.11205915353345977
811,tfidf_term_00811,1795,220.49986267089844,0.12284114912027769
923,tfidf_term_00923,1790,244.93765258789062,0.13683667742340258
1308,tfidf_term_01308,1786,951.6780395507812,0.5328544454371675
842,tfidf_term_00842,1783,236.56971740722656,0.13268071643703117
22,tfidf_term_00022,1782,210.16213989257812,0.1179361054391572
1059,tfidf_term_01059,1764,196.0619659423828,0.11114623919636214
852,tfidf_term_00852,1745,299.7821350097656,0.17179491977637
100,tfidf_term_00100,1745,216.7487335205078,0.12421130860774086
1149,tfidf_term_01149,1739,250.71775817871094,0.14417352396705632
221,tfidf_term_00221,1739,197.76583862304688,0.11372388649973943
1433,tfidf_term_01433,1735,935.3245239257812,0.5390919446258106
732,tfidf_term_00732,1732,473.41241455078125,0.2733328028584187
1340,tfidf_term_01340,1724,729.4052124023438,0.4230888703029836
1368,tfidf_term_01368,1724,729.4052124023438,0.4230888703029836
423,tfidf_term_00423,1724,315.66845703125,0.1831023532663863
772,tfidf_term_00772,1721,238.5306396484375,0.13860002303802296
336,tfidf_term_00336,1719,238.2356719970703,0.13858968702563718
89,tfidf_term_00089,1712,197.08534240722656,0.11511994299487532
1109,tfidf_term_01109,1694,186.73878479003906,0.11023541014760276
328,tfidf_term_00328,1678,266.3214111328125,0.15871359423886322
630,tfidf_term_00630,1665,216.88815307617188,0.13026315500070382
295,tfidf_term_00295,1648,193.42556762695312,0.11736988326878224
107,tfidf_term_00107,1644,236.91079711914062,0.14410632428171571
926,tfidf_term_00926,1620,199.0010528564453,0.12284015608422551
1145,tfidf_term_01145,1616,189.82752990722656,0.11746753088318475
919,tfidf_term_00919,1596,194.19940185546875,0.12167882321771224
1171,tfidf_term_01171,1594,262.5927734375,0.16473825184284818
435,tfidf_term_00435,1591,176.9185333251953,0.11119958097121013
478,tfidf_term_00478,1586,178.36912536621094,0.11246477009218848
369,tfidf_term_00369,1576,347.3305969238281,0.22038743459633764
81,tfidf_term_00081,1576,205.46484375,0.13037109375
1488,tfidf_term_01488,1573,879.0706176757812,0.5588497251594287
64,tfidf_term_00064,1564,188.943115234375,0.12080761843630115
198,tfidf_term_00198,1561,234.5192413330078,0.15023654153299668
576,tfidf_term_00576,1548,216.1543731689453,0.13963460799027475
457,tfidf_term_00457,1547,247.84066772460938,0.16020728359703257
775,tfidf_term_00775,1516,183.42787170410156,0.12099463832724378
106,tfidf_term_00106,1513,216.67164611816406,0.14320663986659884
121,tfidf_term_00121,1513,177.2812957763672,0.11717203950850442
1,tfidf_term_00001,1511,175.7178497314453,0.1162924220591961
143,tfidf_term_00143,1492,185.18341064453125,0.12411756745612014
1432,tfidf_term_01432,1491,870.5687255859375,0.583882445060991
1315,tfidf_term_01315,1491,626.6203002929688,0.42026847772834924
475,tfidf_term_00475,1489,190.83877563476562,0.12816573246122606
711,tfidf_term_00711,1465,203.64649963378906,0.1390078495793782
626,tfidf_term_00626,1457,171.76849365234375,0.11789189681011925
1190,tfidf_term_01190,1440,237.322021484375,0.1648069593641493
550,tfidf_term_00550,1433,195.27474975585938,0.13626988817575672
555,tfidf_term_00555,1428,174.90687561035156,0.12248380644982602
220,tfidf_term_00220,1425,173.08177185058594,0.12146089252672697
1063,tfidf_term_01063,1409,172.2701416015625,0.12226411753127218
1337,tfidf_term_01337,1408,898.2426147460938,0.6379564025185325
1123,tfidf_term_01123,1403,179.1526641845703,0.12769256178515345
427,tfidf_term_00427,1399,163.41473388671875,0.11680824437935579
47,tfidf_term_00047,1394,169.40882873535156,0.12152713682593369
556,tfidf_term_00556,1390,190.58323669433594,0.13711024222614096
492,tfidf_term_00492,1388,180.36358642578125,0.12994494699263778
903,tfidf_term_00903,1380,203.6648406982422,0.14758321789727694
1061,tfidf_term_01061,1371,159.06626892089844,0.11602207798752621
98,tfidf_term_00098,1348,188.92636108398438,0.14015308685755518
946,tfidf_term_00946,1342,179.43418884277344,0.13370654906316948
661,tfidf_term_00661,1338,201.79103088378906,0.150815419195657
407,tfidf_term_00407,1334,287.5197448730469,0.21553204263346842
1122,tfidf_term_01122,1312,155.18919372558594,0.1182844464371844
940,tfidf_term_00940,1310,190.59593200683594,0.14549307786781368
503,tfidf_term_00503,1299,155.06900024414062,0.1193756737830182
956,tfidf_term_00956,1288,174.60916137695312,0.13556611908148536
1130,tfidf_term_01130,1285,196.4693145751953,0.15289440822972397
142,tfidf_term_00142,1281,178.6732940673828,0.13947954259748854
897,tfidf_term_00897,1279,160.2613067626953,0.12530203812564136
568,tfidf_term_00568,1278,228.71310424804688,0.17896174041318222
968,tfidf_term_00968,1274,159.6820068359375,0.12533909484767464
653,tfidf_term_00653,1267,156.24093627929688,0.1233156561004711
439,tfidf_term_00439,1254,192.25196838378906,0.15331097957239956
169,tfidf_term_00169,1245,167.6494598388672,0.13465820067378892
795,tfidf_term_00795,1244,155.9063262939453,0.12532662885365378
541,tfidf_term_00541,1240,153.82789611816406,0.12405475493400328
1143,tfidf_term_01143,1238,163.17184448242188,0.1318027822959789
33,tfidf_term_00033,1238,145.5108642578125,0.11753704705800687
86,tfidf_term_00086,1235,153.33604431152344,0.12415874033321736
356,tfidf_term_00356,1227,195.82530212402344,0.15959682324696287
602,tfidf_term_00602,1219,184.5869140625,0.15142486797579985
516,tfidf_term_00516,1219,150.5088348388672,0.12346910159053912
1021,tfidf_term_01021,1218,153.49057006835938,0.1260185304337926
916,tfidf_term_00916,1217,162.17587280273438,0.1332587286793216
1184,tfidf_term_01184,1207,193.09127807617188,0.15997620387421033
572,tfidf_term_00572,1186,176.33766174316406,0.1486826827514031
1132,tfidf_term_01132,1186,153.36215209960938,0.1293104149237853
229,tfidf_term_00229,1183,164.61221313476562,0.1391481091587199
466,tfidf_term_00466,1182,151.0194549560547,0.12776603634183983
35,tfidf_term_00035,1180,178.00265502929688,0.1508497076519465
1263,tfidf_term_01263,1177,896.8490600585938,0.7619788105850415
27,tfidf_term_00027,1176,144.36819458007812,0.12276207022115487
235,tfidf_term_00235,1174,152.3628692626953,0.129780978929042
670,tfidf_term_00670,1170,161.80882263183594,0.13829813900156918
1188,tfidf_term_01188,1170,148.66989135742188,0.12706828321147168
759,tfidf_term_00759,1162,206.43072509765625,0.1776512264179486
350,tfidf_term_00350,1149,226.99195861816406,0.19755609975471197
204,tfidf_term_00204,1147,137.5810089111328,0.1199485692337688
880,tfidf_term_00880,1141,145.44021606445312,0.12746732345701414
718,tfidf_term_00718,1138,159.97389221191406,0.14057459772575928
714,tfidf_term_00714,1132,194.8755340576172,0.1721515318530187
1070,tfidf_term_01070,1126,133.7939453125,0.11882233153863232
683,tfidf_term_00683,1113,139.65676879882812,0.1254777796934664
187,tfidf_term_00187,1090,165.9978485107422,0.1522916041382956
382,tfidf_term_00382,1076,200.6779327392578,0.1865036549621355
612,tfidf_term_00612,1074,144.4946746826172,0.13453880324266032
780,tfidf_term_00780,1065,149.72390747070312,0.14058582861098884
1006,tfidf_term_01006,1063,132.99363708496094,0.125111605912475
211,tfidf_term_00211,1051,144.93338012695312,0.13790045682868993
222,tfidf_term_00222,1046,145.80450439453125,0.13939245162001077
1142,tfidf_term_01142,1038,134.10755920410156,0.12919803391531942
934,tfidf_term_00934,1030,128.96534729003906,0.12520907503887288
62,tfidf_term_00062,1030,126.36527252197266,0.12268473060385694
652,tfidf_term_00652,1018,188.4606170654297,0.18512830752989165
1125,tfidf_term_01125,1017,154.71826171875,0.15213201742256638
629,tfidf_term_00629,1015,130.8841552734375,0.12894990667333744
15,tfidf_term_00015,1011,124.22557067871094,0.12287395715006028
848,tfidf_term_00848,1010,128.86627197265625,0.12759036828975867
310,tfidf_term_00310,1008,128.59950256347656,0.12757887159075057
654,tfidf_term_00654,1008,124.3522720336914,0.12336534923977321
618,tfidf_term_00618,1004,120.71239471435547,0.12023146883899948
440,tfidf_term_00440,1001,182.12367248535156,0.18194173075459696
1008,tfidf_term_01008,1001,119.29798889160156,0.11917881008152004
391,tfidf_term_00391,998,163.63833618164062,0.1639662687190788
930,tfidf_term_00930,997,167.5882110595703,0.16809248852514574
567,tfidf_term_00567,995,145.7733612060547,0.14650589065935143
1178,tfidf_term_01178,991,152.7982635498047,0.1541859369826485
322,tfidf_term_00322,990,169.1067657470703,0.17081491489603062
720,tfidf_term_00720,988,128.0835418701172,0.12963921241914694
1157,tfidf_term_01157,984,131.05712890625,0.13318813913236788
11,tfidf_term_00011,980,124.04776763916016,0.12657935473383689
1131,tfidf_term_01131,975,161.67388916015625,0.16581937349759615
846,tfidf_term_00846,966,137.45455932617188,0.1422925044784388
906,tfidf_term_00906,966,125.91578674316406,0.1303476053241864
621,tfidf_term_00621,964,117.80224609375,0.12220150009725103
1018,tfidf_term_01018,961,124.81317901611328,0.12987843810209498
114,tfidf_term_00114,957,206.3491973876953,0.21562089591190733
1334,tfidf_term_01334,953,512.9151611328125,0.5382110819861621
828,tfidf_term_00828,943,130.71414184570312,0.13861520874411784
481,tfidf_term_00481,941,138.32666015625,0.14699963884829967
1030,tfidf_term_01030,941,129.08474731445312,0.13717826494628388
1182,tfidf_term_01182,940,140.42910766601562,0.14939266772980386
226,tfidf_term_00226,938,121.80986785888672,0.12986126637407966
524,tfidf_term_00524,936,174.4220733642578,0.1863483689789079
1060,tfidf_term_01060,931,119.41629028320312,0.1282666920335157
488,tfidf_term_00488,928,124.8243179321289,0.134508963288932
1158,tfidf_term_01158,927,117.78144073486328,0.1270565703720208
1084,tfidf_term_01084,925,116.56623840332031,0.12601755503061654
667,tfidf_term_00667,917,163.3040313720703,0.17808509418982585
753,tfidf_term_00753,915,124.43466186523438,0.13599416597293373
166,tfidf_term_00166,914,114.86692810058594,0.1256749760400284
549,tfidf_term_00549,912,114.88422393798828,0.12596954379165382
719,tfidf_term_00719,910,114.61493682861328,0.12595048003144316
608,tfidf_term_00608,909,137.7774658203125,0.15157036943928767
202,tfidf_term_00202,909,117.85881042480469,0.12965765723300846
138,tfidf_term_00138,907,118.20382690429688,0.13032395469051475
430,tfidf_term_00430,906,128.02392578125,0.14130676134795805
686,tfidf_term_00686,905,212.20657348632812,0.2344824016423515
441,tfidf_term_00441,897,151.80677795410156,0.16923832547837409
599,tfidf_term_00599,896,192.4739990234375,0.21481473105294363
342,tfidf_term_00342,896,137.6854705810547,0.1536668198449271
1036,tfidf_term_01036,892,138.33216857910156,0.15508090647881342
505,tfidf_term_00505,888,236.3043975830078,0.2661085558367205
1088,tfidf_term_01088,888,109.35542297363281,0.1231479988441811
1197,tfidf_term_01197,887,118.01612854003906,0.13305087772270469
420,tfidf_term_00420,875,158.46437072753906,0.18110213797433036
582,tfidf_term_00582,874,119.72380828857422,0.13698376234390644
7,tfidf_term_00007,874,111.69424438476562,0.12779661828920552
769,tfidf_term_00769,872,143.9888458251953,0.16512482319403132
566,tfidf_term_00566,868,125.50366973876953,0.14458948126586352
271,tfidf_term_00271,866,116.60939025878906,0.13465287558751624
1192,tfidf_term_01192,866,109.75221252441406,0.12673465649470447
907,tfidf_term_00907,866,102.8036117553711,0.11871086807779573
809,tfidf_term_00809,861,108.20832824707031,0.12567750086767748
159,tfidf_term_00159,859,148.55453491210938,0.17293892306415526
370,tfidf_term_00370,857,104.09178161621094,0.12146065532813412
915,tfidf_term_00915,855,111.56441497802734,0.13048469588073375
1092,tfidf_term_01092,853,114.84477996826172,0.13463631883735255
498,tfidf_term_00498,852,112.74281311035156,0.13232724543468494
922,tfidf_term_00922,846,112.4193344116211,0.13288337400900838
339,tfidf_term_00339,843,109.23011016845703,0.12957308442284346
651,tfidf_term_00651,843,103.39643096923828,0.12265294302400745
63,tfidf_term_00063,840,138.33685302734375,0.16468672979445684
215,tfidf_term_00215,835,125.11347961425781,0.14983650253204528
587,tfidf_term_00587,834,104.09375762939453,0.124812659028051
698,tfidf_term_00698,833,112.89757537841797,0.13553130297529167
234,tfidf_term_00234,828,128.68557739257812,0.15541736400069822
495,tfidf_term_00495,822,108.22694396972656,0.13166294886828048
575,tfidf_term_00575,821,163.4459991455078,0.19908160675457712
1478,tfidf_term_01478,819,819.0,1.0
609,tfidf_term_00609,815,129.3828582763672,0.1587519733452358
250,tfidf_term_00250,814,110.41300201416016,0.13564250861690436
943,tfidf_term_00943,811,114.7567138671875,0.1415002637079994
548,tfidf_term_00548,810,107.17696380615234,0.13231723926685474
1111,tfidf_term_01111,804,121.96017456054688,0.15169175940366528
141,tfidf_term_00141,803,125.64080810546875,0.1564642691226261
1041,tfidf_term_01041,802,186.64450073242188,0.23272381637459086
704,tfidf_term_00704,796,117.66539001464844,0.14782084172694526
1117,tfidf_term_01117,795,119.26573944091797,0.15001979803889054
206,tfidf_term_00206,791,134.42063903808594,0.1699375967611706
643,tfidf_term_00643,789,104.99117279052734,0.13306866006403972
1150,tfidf_term_01150,788,133.81600952148438,0.16981727096635074
606,tfidf_term_00606,785,123.28984069824219,0.15705712190858878
1051,tfidf_term_01051,781,99.63997650146484,0.12757999552044155
1001,tfidf_term_01001,778,120.70149230957031,0.1551433063105017
257,tfidf_term_00257,778,108.79458618164062,0.1398387997193324
748,tfidf_term_00748,776,139.91014099121094,0.18029657344228214
921,tfidf_term_00921,773,129.09796142578125,0.16700900572546087
213,tfidf_term_00213,769,118.24466705322266,0.1537641964281179
125,tfidf_term_00125,763,96.12399291992188,0.1259816420968832
412,tfidf_term_00412,761,131.334716796875,0.17258175663189881
856,tfidf_term_00856,760,99.45415496826172,0.130860730221397
993,tfidf_term_00993,757,109.58395385742188,0.14476083732816628
659,tfidf_term_00659,754,103.9654541015625,0.13788521764132958
175,tfidf_term_00175,754,96.32130432128906,0.1277470879592693
920,tfidf_term_00920,751,175.31903076171875,0.23344744442306092
584,tfidf_term_00584,748,113.36707305908203,0.15156025810037704
513,tfidf_term_00513,744,111.57334899902344,0.14996417876212828
536,tfidf_term_00536,744,106.75447845458984,0.1434872022239111
595,tfidf_term_00595,743,98.95868682861328,0.13318800380701654
43,tfidf_term_00043,738,98.07759857177734,0.1328964750295086
240,tfidf_term_00240,731,136.5634765625,0.18681734139876882
727,tfidf_term_00727,731,99.04017639160156,0.1354858774166916
284,tfidf_term_00284,727,119.89434814453125,0.16491657241338548
515,tfidf_term_00515,722,94.1240234375,0.13036568343144045
344,tfidf_term_00344,721,104.56094360351562,0.1450221131810203
1152,tfidf_term_01152,720,106.01789855957031,0.14724708133273653
1126,tfidf_term_01126,714,103.60558319091797,0.14510585881080948
1073,tfidf_term_01073,713,95.2712631225586,0.1336202848843739
1053,tfidf_term_01053,710,123.02500915527344,0.17327466078207526
152,tfidf_term_00152,709,98.648193359375,0.13913708513311002
755,tfidf_term_00755,707,90.14948272705078,0.12750987655877055
54,tfidf_term_00054,705,119.13738250732422,0.16898919504584994
157,tfidf_term_00157,704,95.07788848876953,0.13505381887609308
53,tfidf_term_00053,702,109.73076629638672,0.15631163290083577
519,tfidf_term_00519,701,222.6496124267578,0.31761713612946907
212,tfidf_term_00212,699,100.46880340576172,0.14373219371353607
308,tfidf_term_00308,698,157.56814575195312,0.22574232915752596
224,tfidf_term_00224,698,83.43135833740234,0.11952916667249619
960,tfidf_term_00960,696,99.00804901123047,0.14225294398165297
913,tfidf_term_00913,695,97.48394012451172,0.14026466204965715
1007,tfidf_term_01007,695,93.0022201538086,0.1338161441061994
521,tfidf_term_00521,694,97.43566131591797,0.1403972065070864
619,tfidf_term_00619,690,100.90969848632812,0.14624593983525816
163,tfidf_term_00163,687,130.8288116455078,0.19043495144906522
1174,tfidf_term_01174,683,117.03572082519531,0.1713553745610473
559,tfidf_term_00559,683,104.74014282226562,0.1533530641614431
1357,tfidf_term_01357,682,291.26922607421875,0.4270809766484146
792,tfidf_term_00792,682,105.1797866821289,0.15422256111749105
821,tfidf_term_00821,682,100.2920150756836,0.14705574058018123
743,tfidf_term_00743,680,88.55615234375,0.13022963579963234
1013,tfidf_term_01013,679,106.42792510986328,0.15674215774648495
738,tfidf_term_00738,678,103.78887176513672,0.15308093180698631
95,tfidf_term_00095,676,158.97537231445312,0.2351706691042206
931,tfidf_term_00931,674,139.2076873779297,0.20653959551621615
933,tfidf_term_00933,674,103.18594360351562,0.1530948718153051
115,tfidf_term_00115,673,130.08436584472656,0.19329029100256548
355,tfidf_term_00355,673,116.8359375,0.173604661961367
1089,tfidf_term_01089,671,88.41342163085938,0.13176366860038655
162,tfidf_term_00162,669,112.1596908569336,0.16765275165460924
784,tfidf_term_00784,669,90.43673706054688,0.13518196870036903
640,tfidf_term_00640,668,103.1983413696289,0.1544885349844744
507,tfidf_term_00507,668,91.8291015625,0.13746871491392215
1486,tfidf_term_01486,665,394.69683837890625,0.593529080269032
1287,tfidf_term_01287,665,375.0747375488281,0.5640221617275611
422,tfidf_term_00422,664,85.70609283447266,0.12907544101577206
1043,tfidf_term_01043,663,88.35372924804688,0.13326354336055335
927,tfidf_term_00927,660,94.27941131591797,0.14284759290290602
485,tfidf_term_00485,656,93.19139099121094,0.1420600472426996
1115,tfidf_term_01115,655,136.58436584472656,0.20852574938126192
511,tfidf_term_00511,653,170.9505157470703,0.26179252028647826
929,tfidf_term_00929,653,109.99989318847656,0.16845312892569153
1400,tfidf_term_01400,649,519.9151611328125,0.801101943193856
301,tfidf_term_00301,647,98.40946197509766,0.15210117770494228
90,tfidf_term_00090,641,108.85987854003906,0.16982820365060697
579,tfidf_term_00579,640,196.56507873535156,0.3071329355239868
589,tfidf_term_00589,640,106.99590301513672,0.16718109846115112
786,tfidf_term_00786,639,98.90155029296875,0.1547755090656788
403,tfidf_term_00403,638,100.80026245117188,0.15799414177299667
431,tfidf_term_00431,637,125.71690368652344,0.19735777658794887
103,tfidf_term_00103,634,90.26056671142578,0.14236682446597126
904,tfidf_term_00904,633,112.084228515625,0.17706829149387834
483,tfidf_term_00483,631,96.90021514892578,0.15356610958625322
397,tfidf_term_00397,630,113.00910186767578,0.17937952677408855
426,tfidf_term_00426,629,82.45372009277344,0.13108699537801818
320,tfidf_term_00320,628,112.58252716064453,0.1792715400647206
1154,tfidf_term_01154,627,104.77173614501953,0.16710005764755906
862,tfidf_term_00862,627,79.55083465576172,0.12687533437920528
554,tfidf_term_00554,626,86.40486907958984,0.13802694741148538
1166,tfidf_term_01166,624,106.3036880493164,0.17035847443800706
717,tfidf_term_00717,623,92.20686340332031,0.1480045961530021
60,tfidf_term_00060,623,91.26278686523438,0.1464892245027839
1005,tfidf_term_01005,621,86.08792877197266,0.1386279046247547
804,tfidf_term_00804,617,96.84423828125,0.15695986755470015
144,tfidf_term_00144,616,81.93443298339844,0.1330104431548676
976,tfidf_term_00976,616,79.84996032714844,0.12962655897264358
1170,tfidf_term_01170,615,128.6503448486328,0.20918755259940294
644,tfidf_term_00644,615,84.69627380371094,0.13771751838001778
1189,tfidf_term_01189,615,83.94796752929688,0.13650076021023883
979,tfidf_term_00979,613,92.82096099853516,0.1514208172896169
131,tfidf_term_00131,609,93.34513854980469,0.1532760895727499
707,tfidf_term_00707,609,77.25724029541016,0.12685917946701175
881,tfidf_term_00881,607,76.6663589477539,0.12630372149547595
153,tfidf_term_00153,603,88.27638244628906,0.14639532743994868
252,tfidf_term_00252,602,95.18667602539062,0.1581174020355326
824,tfidf_term_00824,598,104.32825469970703,0.174461964380781
544,tfidf_term_00544,596,95.99177551269531,0.16106002602801228
1093,tfidf_term_01093,595,79.56973266601562,0.1337306431361607
434,tfidf_term_00434,594,80.49234771728516,0.13550900289105244
988,tfidf_term_00988,592,97.45613861083984,0.1646218557615538
782,tfidf_term_00782,592,95.83922576904297,0.16189058406932935
192,tfidf_term_00192,590,85.82535552978516,0.14546670428777145
601,tfidf_term_00601,589,88.14984893798828,0.14966018495413969
294,tfidf_term_00294,589,83.22026062011719,0.1412907650596217
464,tfidf_term_00464,589,82.33426666259766,0.13978653083632878
4,tfidf_term_00004,588,86.86111450195312,0.14772298384685906
406,tfidf_term_00406,588,80.20600891113281,0.13640477705974968
1112,tfidf_term_01112,586,146.6836395263672,0.25031337803134335
325,tfidf_term_00325,586,100.373779296875,0.17128631279330206
1181,tfidf_term_01181,585,94.070068359375,0.16080353565705127
0,tfidf_term_00000,583,94.68944549560547,0.16241757374889446
469,tfidf_term_00469,582,146.6535186767578,0.2519819908535358
248,tfidf_term_00248,578,76.48145294189453,0.13232085284064798
267,tfidf_term_00267,576,96.14688110351562,0.1669216685824924
1121,tfidf_term_01121,576,92.41002655029297,0.1604340738720364
236,tfidf_term_00236,574,84.4423828125,0.14711216517857142
797,tfidf_term_00797,574,77.55667877197266,0.1351161651079663
1196,tfidf_term_01196,572,94.18504333496094,0.16465916666951214
633,tfidf_term_00633,571,100.45384979248047,0.1759261817731707
1162,tfidf_term_01162,570,97.52832794189453,0.171102329722622
450,tfidf_term_00450,568,93.8898696899414,0.16529906635553065
597,tfidf_term_00597,568,75.80694580078125,0.1334629327478543
666,tfidf_term_00666,567,77.15575408935547,0.1360771677060943
177,tfidf_term_00177,565,90.66297912597656,0.1604654497804895
48,tfidf_term_00048,563,82.36312103271484,0.14629328780233541
1183,tfidf_term_01183,562,106.57907104492188,0.18964247516890012
218,tfidf_term_00218,561,94.34365844726562,0.1681705141662489
340,tfidf_term_00340,561,81.50011444091797,0.14527649632962206
1022,tfidf_term_01022,561,78.48326873779297,0.13989887475542417
77,tfidf_term_00077,559,77.08023071289062,0.1378895003808419
110,tfidf_term_00110,558,79.64750671386719,0.14273746722915268
468,tfidf_term_00468,558,77.60221099853516,0.13907206272138917
496,tfidf_term_00496,557,77.48503875732422,0.1391113801747293
1133,tfidf_term_01133,550,83.90763854980469,0.1525593428178267
1169,tfidf_term_01169,548,97.52540588378906,0.17796606913100194
739,tfidf_term_00739,548,78.54320526123047,0.1433270169000556
170,tfidf_term_00170,547,74.47098541259766,0.13614439746361545
591,tfidf_term_00591,546,85.6985092163086,0.15695697658664579
849,tfidf_term_00849,543,144.3643035888672,0.2658642791691845
863,tfidf_term_00863,542,84.11727905273438,0.15519793183161323
305,tfidf_term_00305,542,83.7109146118164,0.15444818194062068
1097,tfidf_term_01097,540,78.83003234863281,0.14598154138635705
740,tfidf_term_00740,538,86.2555160522461,0.1603262380153273
101,tfidf_term_00101,538,81.2143325805664,0.15095600851406396
859,tfidf_term_00859,538,77.53194427490234,0.14411142058532034
1096,tfidf_term_01096,538,71.75928497314453,0.13338157058205302
734,tfidf_term_00734,538,71.007080078125,0.1319834202195632
57,tfidf_term_00057,537,91.44324493408203,0.1702853723167263
731,tfidf_term_00731,536,72.64532470703125,0.13553232221461053
193,tfidf_term_00193,533,126.06778717041016,0.23652492902515976
1002,tfidf_term_01002,533,80.63428497314453,0.15128383672259763
314,tfidf_term_00314,532,72.44071197509766,0.13616675183289034
514,tfidf_term_00514,531,70.63017272949219,0.13301350796514536
379,tfidf_term_00379,529,98.3339614868164,0.18588650564615578
477,tfidf_term_00477,526,76.12860107421875,0.1447311807494653
1099,tfidf_term_01099,526,75.7925033569336,0.14409221170519695
341,tfidf_term_00341,526,69.3240737915039,0.1317948170941139
191,tfidf_term_00191,525,87.6457748413086,0.16694433303106399
592,tfidf_term_00592,525,77.45069885253906,0.14752514067150296
400,tfidf_term_00400,525,77.07760620117188,0.14681448800223215
260,tfidf_term_00260,522,112.89879608154297,0.21628121854701718
886,tfidf_term_00886,521,79.88558959960938,0.15333126602612165
1011,tfidf_term_01011,521,75.92569732666016,0.1457307050415742
1179,tfidf_term_01179,518,94.7616958618164,0.18293763679887337
279,tfidf_term_00279,516,99.30110168457031,0.19244399551273317
1195,tfidf_term_01195,515,68.14032745361328,0.13231131544390928
49,tfidf_term_00049,514,69.4405746459961,0.13509839425291068
1010,tfidf_term_01010,513,84.904296875,0.1655054519980507
603,tfidf_term_00603,512,91.3570785522461,0.17843179404735565
571,tfidf_term_00571,509,79.74920654296875,0.15667820538893665
1047,tfidf_term_01047,508,93.93374633789062,0.18490894948403666
199,tfidf_term_00199,507,81.28569030761719,0.16032680534046784
773,tfidf_term_00773,505,82.3154067993164,0.16300080554320082
952,tfidf_term_00952,504,128.76612854003906,0.25548835027785527
1067,tfidf_term_01067,502,83.08930206298828,0.16551653797408025
871,tfidf_term_00871,501,75.53138732910156,0.15076125215389533
580,tfidf_term_00580,500,135.24127197265625,0.2704825439453125
272,tfidf_term_00272,499,75.50688934326172,0.15131641150954253
337,tfidf_term_00337,499,68.64698791503906,0.13756911405819452
501,tfidf_term_00501,497,80.3297119140625,0.16162919902225856
766,tfidf_term_00766,497,68.06840515136719,0.136958561672771
1103,tfidf_term_01103,496,67.94415283203125,0.1369841790968372
1028,tfidf_term_01028,495,81.6114730834961,0.16487166279494161
502,tfidf_term_00502,491,83.01499938964844,0.16907331851252227
634,tfidf_term_00634,491,77.52305603027344,0.15788809782133084
1194,tfidf_term_01194,491,65.27409362792969,0.13294112755179163
451,tfidf_term_00451,490,91.68695068359375,0.18711622588488522
353,tfidf_term_00353,490,77.15287017822266,0.1574548370984136
900,tfidf_term_00900,489,64.18560791015625,0.13125891188171013
387,tfidf_term_00387,488,96.54076385498047,0.19782943412905835
1091,tfidf_term_01091,485,89.68397521972656,0.18491541282417848
785,tfidf_term_00785,485,63.66572189331055,0.13126952967692895
588,tfidf_term_00588,484,76.41910552978516,0.15789071390451478
898,tfidf_term_00898,484,72.53347778320312,0.14986255740331225
75,tfidf_term_00075,483,99.3531494140625,0.20570010230654762
574,tfidf_term_00574,483,70.97539520263672,0.14694698799717748
833,tfidf_term_00833,481,140.13558959960938,0.29134218211977003
243,tfidf_term_00243,480,92.11012268066406,0.19189608891805013
459,tfidf_term_00459,479,86.40193176269531,0.18037981578850795
527,tfidf_term_00527,478,71.84357452392578,0.15030036511281544
5,tfidf_term_00005,478,71.02699279785156,0.14859203514194888
836,tfidf_term_00836,477,64.97496795654297,0.13621586573698735
421,tfidf_term_00421,475,143.03079223632812,0.3011174573396382
362,tfidf_term_00362,475,64.7764892578125,0.13637155633223685
914,tfidf_term_00914,473,80.69635772705078,0.17060540745676697
19,tfidf_term_00019,473,70.63273620605469,0.14932925202125727
275,tfidf_term_00275,473,66.3662109375,0.14030911403276955
677,tfidf_term_00677,472,86.07893371582031,0.18237062227928033
23,tfidf_term_00023,472,69.88846588134766,0.148068783646923
563,tfidf_term_00563,470,81.30782318115234,0.1729953684705369
46,tfidf_term_00046,470,65.27173614501953,0.13887603435110538
1019,tfidf_term_01019,468,66.05262756347656,0.14113809308435163
209,tfidf_term_00209,467,74.51467895507812,0.15956034037489963
333,tfidf_term_00333,467,66.8117446899414,0.143065834453836
615,tfidf_term_00615,466,82.92121124267578,0.17794251339629996
174,tfidf_term_00174,466,68.03360748291016,0.14599486584315485
917,tfidf_term_00917,465,65.62779998779297,0.14113505373718918
941,tfidf_term_00941,463,77.32276916503906,0.16700382109079712
671,tfidf_term_00671,460,149.00045776367188,0.323914038616678
280,tfidf_term_00280,460,111.54399871826172,0.24248695373535156
1275,tfidf_term_01275,456,400.9680480957031,0.8793158949467174
947,tfidf_term_00947,456,69.99188232421875,0.15349097000925163
311,tfidf_term_00311,456,63.69416427612305,0.13968018481605932
346,tfidf_term_00346,453,67.59053039550781,0.14920646886425565
830,tfidf_term_00830,453,64.71806335449219,0.14286548201874655
1027,tfidf_term_01027,452,77.3848648071289,0.17120545311311705
664,tfidf_term_00664,452,74.68685913085938,0.16523641400632605
1025,tfidf_term_01025,452,67.82229614257812,0.15004932774906665
1017,tfidf_term_01017,452,67.38190460205078,0.14907501018152827
120,tfidf_term_00120,450,68.61217498779297,0.15247149997287326
173,tfidf_term_00173,449,71.12171173095703,0.1584002488440023
1004,tfidf_term_01004,447,66.78030395507812,0.14939665314335152
1118,tfidf_term_01118,447,64.33300018310547,0.14392170063334556
710,tfidf_term_00710,444,57.13644790649414,0.12868569348309492
573,tfidf_term_00573,443,61.89663314819336,0.13972151952188117
708,tfidf_term_00708,443,60.78624725341797,0.13721500508672227
139,tfidf_term_00139,442,61.56852722167969,0.13929531045628887
533,tfidf_term_00533,439,75.49596405029297,0.17197258325807055
1119,tfidf_term_01119,438,63.84059143066406,0.145754774955854
598,tfidf_term_00598,437,66.83452606201172,0.1529394189062053
752,tfidf_term_00752,437,58.446651458740234,0.1337451978460875
262,tfidf_term_00262,436,81.82445526123047,0.18767076894777632
414,tfidf_term_00414,436,69.4551010131836,0.15930069039721007
500,tfidf_term_00500,436,67.07952880859375,0.1538521302949398
583,tfidf_term_00583,434,64.56439971923828,0.1487658979705951
1086,tfidf_term_01086,433,66.27055358886719,0.15304977734149466
130,tfidf_term_00130,432,61.82456588745117,0.1431124210357666
1219,tfidf_term_01219,430,326.36541748046875,0.7589893429778343
1065,tfidf_term_01065,430,69.59333038330078,0.16184495437976926
530,tfidf_term_00530,430,58.85279083251953,0.13686695542446403
737,tfidf_term_00737,425,76.746826171875,0.1805807674632353
826,tfidf_term_00826,425,71.96253204345703,0.1693236048081342
241,tfidf_term_00241,423,87.58716583251953,0.20706185776009345
217,tfidf_term_00217,423,67.99637603759766,0.16074793389502992
662,tfidf_term_00662,422,71.48983764648438,0.16940719821441794
658,tfidf_term_00658,421,63.56325149536133,0.15098159500085825
820,tfidf_term_00820,419,69.88076782226562,0.166779875470801
462,tfidf_term_00462,419,68.48764038085938,0.16345498897579802
283,tfidf_term_00283,418,78.19639587402344,0.18707271740196996
317,tfidf_term_00317,418,56.64705276489258,0.13551926498778127
225,tfidf_term_00225,417,73.50607299804688,0.1762735563502323
1034,tfidf_term_01034,417,65.30172729492188,0.15659886641468077
1082,tfidf_term_01082,414,83.18842315673828,0.20093822018535817
875,tfidf_term_00875,414,71.58011627197266,0.17289883157481317
1313,tfidf_term_01313,412,167.92591857910156,0.4075871810172368
194,tfidf_term_00194,412,69.08403015136719,0.1676796848334155
950,tfidf_term_00950,412,67.60435485839844,0.16408823994756902
390,tfidf_term_00390,411,80.9319839477539,0.19691480279258858
853,tfidf_term_00853,411,78.68455505371094,0.1914466059700996
399,tfidf_term_00399,411,66.47852325439453,0.1617482317625171
705,tfidf_term_00705,410,65.03914642333984,0.15863206444717035
28,tfidf_term_00028,410,60.535892486572266,0.14764851825993236
969,tfidf_term_00969,410,57.9443244934082,0.14132762071562976
680,tfidf_term_00680,409,66.98998260498047,0.16378968852073464
990,tfidf_term_00990,408,60.01233673095703,0.14708906061509075
925,tfidf_term_00925,408,58.804725646972656,0.14412922952689378
373,tfidf_term_00373,407,70.15009307861328,0.1723589510531039
167,tfidf_term_00167,407,56.27882766723633,0.1382772178556175
1356,tfidf_term_01356,406,302.53411865234375,0.7451579277151323
722,tfidf_term_00722,406,56.84401321411133,0.140009884763821
476,tfidf_term_00476,405,69.20553588867188,0.1708778663917824
245,tfidf_term_00245,404,80.9472885131836,0.20036457552768216
1332,tfidf_term_01332,403,274.34130859375,0.6807476640043424
254,tfidf_term_00254,400,62.23417663574219,0.15558544158935547
1155,tfidf_term_01155,399,69.80899047851562,0.17495987588600406
1128,tfidf_term_01128,398,69.18186950683594,0.17382379273074355
656,tfidf_term_00656,398,56.271629333496094,0.1413860033504927
998,tfidf_term_00998,397,68.68894958496094,0.17302002414347845
967,tfidf_term_00967,397,55.27342987060547,0.13922778304938405
843,tfidf_term_00843,396,74.72251892089844,0.18869322959822837
401,tfidf_term_00401,396,64.50479888916016,0.16289090628575797
997,tfidf_term_00997,391,53.16007995605469,0.13595928377507593
425,tfidf_term_00425,390,72.29778289794922,0.1853789305075621
266,tfidf_term_00266,388,70.8864974975586,0.18269715849886237
1052,tfidf_term_01052,387,72.86902618408203,0.1882920573232094
1054,tfidf_term_01054,384,59.10164260864258,0.15391052762667337
1044,tfidf_term_01044,384,52.11476135253906,0.13571552435557047
996,tfidf_term_00996,383,55.008216857910156,0.14362458709637116
721,tfidf_term_00721,383,55.00308609008789,0.14361119083573862
986,tfidf_term_00986,382,64.69883728027344,0.1693686839797734
366,tfidf_term_00366,382,54.974853515625,0.14391322909849477
380,tfidf_term_00380,380,68.63361358642578,0.18061477259585731
39,tfidf_term_00039,379,61.934051513671875,0.16341438394108673
1136,tfidf_term_01136,379,59.87894821166992,0.1579919477880473
349,tfidf_term_00349,379,54.806819915771484,0.14460902352446303
1069,tfidf_term_01069,378,92.04621887207031,0.24350851553457756
818,tfidf_term_00818,378,63.97145462036133,0.16923665243481834
428,tfidf_term_00428,377,55.44379806518555,0.14706577736123488
367,tfidf_term_00367,376,52.19194412231445,0.13880836202743205
1159,tfidf_term_01159,374,63.61301803588867,0.1700882835184189
357,tfidf_term_00357,374,61.11665344238281,0.1634135118780289
1177,tfidf_term_01177,373,87.0280990600586,0.2333193004291115
702,tfidf_term_00702,373,61.48373794555664,0.16483575856717597
506,tfidf_term_00506,373,53.83099365234375,0.14431901783470175
758,tfidf_term_00758,372,75.16779327392578,0.20206396041377897
980,tfidf_term_00980,372,63.64421463012695,0.17108659846808322
688,tfidf_term_00688,372,61.54644012451172,0.16544741968954763
639,tfidf_term_00639,371,58.02325439453125,0.1563969121146395
985,tfidf_term_00985,371,56.153114318847656,0.15135610328530366
1026,tfidf_term_01026,371,55.76498794555664,0.15030994055406102
1102,tfidf_term_01102,371,50.64412307739258,0.13650707028946787
82,tfidf_term_00082,369,62.57221603393555,0.1695724011759771
585,tfidf_term_00585,369,55.73036193847656,0.1510307911611831
801,tfidf_term_00801,368,59.2510986328125,0.16100842019786005
508,tfidf_term_00508,367,57.46733474731445,0.15658674318069332
617,tfidf_term_00617,366,51.772552490234375,0.1414550614487278
1072,tfidf_term_01072,365,53.7708625793457,0.1473174317242348
839,tfidf_term_00839,365,52.09883117675781,0.1427365237719392
203,tfidf_term_00203,363,59.70172119140625,0.16446755149147727
278,tfidf_term_00278,363,58.072967529296875,0.15998062680247074
1314,tfidf_term_01314,362,301.18914794921875,0.8320142208541954
316,tfidf_term_00316,362,62.96089553833008,0.17392512579649194
812,tfidf_term_00812,362,53.55984878540039,0.14795538338508396
723,tfidf_term_00723,361,53.5450325012207,0.14832418975407397
135,tfidf_term_00135,360,56.428932189941406,0.15674703386094835
1237,tfidf_term_01237,357,164.9434356689453,0.46202643044522496
471,tfidf_term_00471,357,56.74092483520508,0.15893816480449602
681,tfidf_term_00681,357,52.30466079711914,0.14651165489389115
964,tfidf_term_00964,356,54.31649398803711,0.152574421314711
78,tfidf_term_00078,355,121.47257995605469,0.3421762815663512
358,tfidf_term_00358,354,59.51312255859375,0.16811616541975635
129,tfidf_term_00129,354,58.6681022644043,0.16572910244182004
327,tfidf_term_00327,352,57.213417053222656,0.16253811662847345
975,tfidf_term_00975,350,56.71664810180664,0.16204756600516182
306,tfidf_term_00306,350,52.77145767211914,0.15077559334891183
526,tfidf_term_00526,350,50.647193908691406,0.14470626831054687
300,tfidf_term_00300,349,62.25462341308594,0.17838000977961588
18,tfidf_term_00018,349,54.773712158203125,0.15694473397765937
635,tfidf_term_00635,349,53.31870651245117,0.15277566335945894
770,tfidf_term_00770,348,69.94268798828125,0.20098473559850935
376,tfidf_term_00376,348,67.58435821533203,0.19420792590612654
1173,tfidf_term_01173,348,60.19430923461914,0.1729721529730435
474,tfidf_term_00474,348,57.832977294921875,0.16618671636471802
453,tfidf_term_00453,348,57.690425872802734,0.16577708584138717
494,tfidf_term_00494,348,51.24339294433594,0.14725112915039062
2,tfidf_term_00002,348,50.05617904663086,0.14383959496158294
122,tfidf_term_00122,347,56.17637634277344,0.16189157447485142
706,tfidf_term_00706,347,51.60531997680664,0.14871850137408255
232,tfidf_term_00232,346,51.892738342285156,0.1499790125499571
569,tfidf_term_00569,345,66.14244079589844,0.19171721969825634
1048,tfidf_term_01048,345,56.071414947509766,0.16252584042756454
116,tfidf_term_00116,345,55.03958511352539,0.15953502931456634
330,tfidf_term_00330,344,72.51036834716797,0.2107859544975813
386,tfidf_term_00386,344,66.3833999633789,0.19297499989354333
995,tfidf_term_00995,343,63.847900390625,0.18614548218841107
455,tfidf_term_00455,343,58.493160247802734,0.17053399489155316
1079,tfidf_term_01079,343,54.887184143066406,0.1600209450235172
55,tfidf_term_00055,343,53.609130859375,0.15629484215561223
490,tfidf_term_00490,343,52.74032974243164,0.15376189429280362
882,tfidf_term_00882,343,50.859806060791016,0.14827931796148985
1141,tfidf_term_01141,343,50.14719772338867,0.1462017426337862
186,tfidf_term_00186,343,49.597206115722656,0.1445982685589582
351,tfidf_term_00351,342,57.87956237792969,0.16923848648517453
973,tfidf_term_00973,342,52.9942626953125,0.15495398448921785
418,tfidf_term_00418,342,52.2547607421875,0.15279169807657164
1187,tfidf_term_01187,341,54.28615188598633,0.15919692635186605
970,tfidf_term_00970,341,51.99659729003906,0.15248269000011455
1016,tfidf_term_01016,340,56.47401809692383,0.16610005322624655
164,tfidf_term_00164,338,52.40119171142578,0.15503311157226562
992,tfidf_term_00992,338,50.51195526123047,0.14944365461902506
747,tfidf_term_00747,337,70.19268035888672,0.2082868853379428
736,tfidf_term_00736,337,49.8225212097168,0.1478413092276463
876,tfidf_term_00876,337,48.736297607421875,0.14461809379056936
411,tfidf_term_00411,336,67.99224090576172,0.20235785983857654
80,tfidf_term_00080,336,61.1275520324707,0.1819272381918771
518,tfidf_term_00518,336,51.401405334472656,0.15298037301926387
510,tfidf_term_00510,336,50.37821960449219,0.149935177394322
253,tfidf_term_00253,335,59.304100036621094,0.17702716428842116
360,tfidf_term_00360,335,51.1021728515625,0.15254379955690298
648,tfidf_term_00648,335,49.96635437011719,0.1491532966272155
838,tfidf_term_00838,334,50.95914077758789,0.15257227777720925
504,tfidf_term_00504,334,50.666587829589844,0.151696370747275
26,tfidf_term_00026,334,49.31937026977539,0.1476627852388485
1083,tfidf_term_01083,333,53.60902786254883,0.1609880716593058
806,tfidf_term_00806,332,63.42324447631836,0.19103386890457338
297,tfidf_term_00297,331,56.301124572753906,0.1700940319418547
499,tfidf_term_00499,331,50.854827880859375,0.1536399633862821
538,tfidf_term_00538,331,50.15317916870117,0.15152017875740537
1095,tfidf_term_01095,331,49.04833221435547,0.14818227255092287
632,tfidf_term_00632,330,61.12312316894531,0.18522158536044034
1114,tfidf_term_01114,330,57.03977966308594,0.17284781716086647
332,tfidf_term_00332,330,49.06826400756836,0.14869170911384352
800,tfidf_term_00800,329,53.302101135253906,0.1620124654566988
205,tfidf_term_00205,329,44.888633728027344,0.13643961619461198
1038,tfidf_term_01038,328,54.8955192565918,0.16736438797741401
398,tfidf_term_00398,328,53.24325180053711,0.16232698719675948
577,tfidf_term_00577,327,67.94947814941406,0.20779656926426318
381,tfidf_term_00381,327,67.02323150634766,0.2049640107227757
246,tfidf_term_00246,327,61.6323356628418,0.18847809071205443
132,tfidf_term_00132,327,46.26906967163086,0.141495625907128
614,tfidf_term_00614,326,76.50752258300781,0.234685652095116
1058,tfidf_term_01058,326,72.307861328125,0.2218032556077454
438,tfidf_term_00438,326,69.20211791992188,0.21227643533718366
181,tfidf_term_00181,326,61.891788482666016,0.18985211191001844
749,tfidf_term_00749,325,72.98211669921875,0.22456035907451924
885,tfidf_term_00885,325,52.60330581665039,0.1618563255896935
1120,tfidf_term_01120,325,50.18154525756836,0.15440475463867187
1078,tfidf_term_01078,325,48.751808166503906,0.1500055635892428
392,tfidf_term_00392,324,61.872039794921875,0.1909630857867959
764,tfidf_term_00764,324,55.630714416503906,0.17169973585340711
625,tfidf_term_00625,324,50.30836486816406,0.15527273107458045
799,tfidf_term_00799,323,59.14403533935547,0.1831084685428962
961,tfidf_term_00961,323,52.486968994140625,0.16249835601901122
963,tfidf_term_00963,322,55.37263488769531,0.17196470462017177
14,tfidf_term_00014,322,50.38420486450195,0.15647268591460234
436,tfidf_term_00436,321,47.103538513183594,0.1467399953681732
1080,tfidf_term_01080,320,49.757816314697266,0.15549317598342896
117,tfidf_term_00117,318,54.96133041381836,0.17283437237049798
675,tfidf_term_00675,318,49.58481216430664,0.15592708227769383
672,tfidf_term_00672,318,49.31023406982422,0.15506362915039062
1156,tfidf_term_01156,317,55.850467681884766,0.17618444063686045
1101,tfidf_term_01101,317,53.05585861206055,0.16736863915476513
534,tfidf_term_00534,316,57.926300048828125,0.18331107610388647
59,tfidf_term_00059,316,47.774314880371094,0.151184540760668
578,tfidf_term_00578,316,47.167877197265625,0.1492654341685621
551,tfidf_term_00551,315,57.70790481567383,0.18319969782753595
954,tfidf_term_00954,315,53.63345718383789,0.1702649434407552
288,tfidf_term_00288,315,51.163936614990234,0.1624251956031436
96,tfidf_term_00096,313,81.4875259399414,0.2603435333544454
762,tfidf_term_00762,313,58.77789306640625,0.1877887957393171
298,tfidf_term_00298,313,52.98045349121094,0.1692666245725589
190,tfidf_term_00190,313,48.978126525878906,0.1564796374628719
896,tfidf_term_00896,313,48.86393356323242,0.15611480371639752
145,tfidf_term_00145,313,45.639007568359375,0.145811525777506
302,tfidf_term_00302,312,54.039794921875,0.1732044709034455
150,tfidf_term_00150,312,45.68400192260742,0.1464230830852802
553,tfidf_term_00553,312,44.093685150146484,0.1413259139427772
942,tfidf_term_00942,310,65.1666030883789,0.21021484867219
140,tfidf_term_00140,310,49.65941619873047,0.16019166515719507
1003,tfidf_term_01003,310,48.12020492553711,0.1552264675017326
1168,tfidf_term_01168,309,59.963470458984375,0.19405653870221481
228,tfidf_term_00228,309,58.25735855102539,0.18853514094182974
827,tfidf_term_00827,309,50.37120819091797,0.16301361874083484
461,tfidf_term_00461,308,55.91526412963867,0.1815430653559697
1116,tfidf_term_01116,308,51.630123138427734,0.16763026992996016
857,tfidf_term_00857,308,45.11298751831055,0.14647073869581345
321,tfidf_term_00321,307,56.46920394897461,0.1839387750780932
938,tfidf_term_00938,307,54.27471923828125,0.17679061641133959
866,tfidf_term_00866,307,53.75589370727539,0.17510063096832376
1107,tfidf_term_01107,307,49.54286193847656,0.16137740045106372
962,tfidf_term_00962,304,58.201698303222656,0.19145295494481138
179,tfidf_term_00179,304,51.29688262939453,0.16873974549142937
108,tfidf_term_00108,304,49.54331970214844,0.16297144638864616
937,tfidf_term_00937,304,44.681114196777344,0.14697734933150441
393,tfidf_term_00393,303,55.9068603515625,0.18451109026918316
955,tfidf_term_00955,303,54.09828186035156,0.17854218435759592
620,tfidf_term_00620,303,48.004520416259766,0.1584307604497022
268,tfidf_term_00268,303,47.69366455078125,0.1574048335009282
12,tfidf_term_00012,303,47.005741119384766,0.15513445913988372
851,tfidf_term_00851,302,44.0899543762207,0.14599322641132684
484,tfidf_term_00484,301,54.27505111694336,0.1803157844416723
1165,tfidf_term_01165,300,66.9254379272461,0.2230847930908203
841,tfidf_term_00841,300,56.376556396484375,0.18792185465494793
1090,tfidf_term_01090,300,54.94118118286133,0.18313727060953777
1000,tfidf_term_01000,299,70.0877914428711,0.23440732924037155
405,tfidf_term_00405,299,56.74595260620117,0.18978579466956913
158,tfidf_term_00158,299,46.569053649902344,0.1557493433107102
910,tfidf_term_00910,298,60.542205810546875,0.2031617644649224
465,tfidf_term_00465,298,44.528926849365234,0.14942592902471555
1110,tfidf_term_01110,298,42.51705551147461,0.14267468292441143
905,tfidf_term_00905,297,49.97224807739258,0.16825672753330834
537,tfidf_term_00537,297,43.62774658203125,0.14689476963646886
176,tfidf_term_00176,296,66.1113510131836,0.22334915882832296
467,tfidf_term_00467,296,51.20909118652344,0.17300368644095757
712,tfidf_term_00712,296,51.06422805786133,0.17251428397926125
1049,tfidf_term_01049,296,49.18375015258789,0.1661613180830672
210,tfidf_term_00210,295,53.834503173828125,0.182489841267214
189,tfidf_term_00189,294,52.62883377075195,0.17900963867602704
1039,tfidf_term_01039,294,46.65304183959961,0.15868381578095106
1134,tfidf_term_01134,294,46.47372055053711,0.1580738794235956
870,tfidf_term_00870,294,42.96601486206055,0.1461429076940835
596,tfidf_term_00596,293,53.66996765136719,0.18317395102855696
814,tfidf_term_00814,293,52.25137710571289,0.17833234507069246
594,tfidf_term_00594,293,49.7990608215332,0.16996266491990855
1050,tfidf_term_01050,293,49.13536834716797,0.16769750289135826
1029,tfidf_term_01029,293,48.2119026184082,0.16454574272494268
807,tfidf_term_00807,293,45.42238998413086,0.1550252217888425
855,tfidf_term_00855,293,43.432716369628906,0.14823452685880173
932,tfidf_term_00932,293,43.05634689331055,0.14694998939696433
201,tfidf_term_00201,293,42.851993560791016,0.14625253775014
118,tfidf_term_00118,292,54.36932373046875,0.1861963141454409
196,tfidf_term_00196,291,49.95163345336914,0.17165509777790083
137,tfidf_term_00137,291,41.99367141723633,0.14430814920012483
696,tfidf_term_00696,290,57.6606330871582,0.19882976926606277
84,tfidf_term_00084,290,48.9543571472168,0.168808128093851
939,tfidf_term_00939,290,47.37797927856445,0.16337234233987744
1198,tfidf_term_01198,290,44.82781219482422,0.15457866274077317
953,tfidf_term_00953,289,54.85151290893555,0.18979762252226834
864,tfidf_term_00864,289,51.713932037353516,0.1789409413057215
460,tfidf_term_00460,289,50.85905838012695,0.17598290096929742
794,tfidf_term_00794,289,49.168941497802734,0.1701347456671375
693,tfidf_term_00693,289,45.81574630737305,0.15853199414315933
1108,tfidf_term_01108,289,45.246124267578125,0.1565609836248378
665,tfidf_term_00665,289,42.309146881103516,0.14639843211454504
570,tfidf_term_00570,289,41.86235046386719,0.1448524237504055
127,tfidf_term_00127,288,53.35319519042969,0.18525414996676975
715,tfidf_term_00715,288,49.97406005859375,0.1735210418701172
172,tfidf_term_00172,288,45.60289001464844,0.1583433681064182
636,tfidf_term_00636,287,47.21508026123047,0.1645124747778065
185,tfidf_term_00185,287,45.949039459228516,0.16010118278476834
493,tfidf_term_00493,286,55.54002380371094,0.1941958874255627
42,tfidf_term_00042,286,46.147274017333984,0.16135410495571323
13,tfidf_term_00013,286,43.77263641357422,0.15305117627123851
1176,tfidf_term_01176,285,57.360557556152344,0.2012651142321135
1033,tfidf_term_01033,285,46.41103744506836,0.1628457454212925
402,tfidf_term_00402,285,44.30683135986328,0.15546256617495888
928,tfidf_term_00928,284,67.52438354492188,0.23776191389056997
989,tfidf_term_00989,284,52.0421257019043,0.1832469214855785
85,tfidf_term_00085,284,47.9443473815918,0.16881812458306972
525,tfidf_term_00525,283,54.900917053222656,0.19399617333294225
452,tfidf_term_00452,283,49.287113189697266,0.1741594105643013
610,tfidf_term_00610,283,48.12517547607422,0.17005362359036827
8,tfidf_term_00008,283,43.52880096435547,0.1538120175418921
65,tfidf_term_00065,282,56.73960876464844,0.20120428639946256
449,tfidf_term_00449,282,51.43277359008789,0.18238572195066627
893,tfidf_term_00893,282,50.18702697753906,0.1779681807714151
1137,tfidf_term_01137,282,44.831748962402344,0.1589778332000083
783,tfidf_term_00783,282,43.37782669067383,0.15382208046338236
611,tfidf_term_00611,282,41.01554870605469,0.1454452081774989
689,tfidf_term_00689,282,38.611637115478516,0.13692069899105858
638,tfidf_term_00638,281,47.192867279052734,0.16794614690054355
247,tfidf_term_00247,281,43.24979019165039,0.15391384409839998
1062,tfidf_term_01062,281,41.343379974365234,0.1471294661009439
957,tfidf_term_00957,280,48.513309478759766,0.17326181956699915
71,tfidf_term_00071,279,72.05349731445312,0.25825626277581765
347,tfidf_term_00347,279,43.190608978271484,0.1548050501013315
565,tfidf_term_00565,278,59.710445404052734,0.21478577483472205
293,tfidf_term_00293,278,48.88412094116211,0.17584216165885652
219,tfidf_term_00219,278,47.29582977294922,0.1701288840753569
509,tfidf_term_00509,278,45.53797149658203,0.163805652865403
703,tfidf_term_00703,278,43.44478225708008,0.1562761951693528
765,tfidf_term_00765,278,42.835655212402344,0.15408509069209475
649,tfidf_term_00649,278,42.82252502441406,0.15403785980005058
825,tfidf_term_00825,277,53.8724365234375,0.19448533040952165
292,tfidf_term_00292,277,48.964839935302734,0.1767683752176994
454,tfidf_term_00454,277,48.424598693847656,0.17481804582616484
113,tfidf_term_00113,277,43.47896194458008,0.15696376153278008
25,tfidf_term_00025,276,58.99013900756836,0.21373238770858102
819,tfidf_term_00819,276,51.678428649902344,0.18724068351413892
949,tfidf_term_00949,276,50.57072448730469,0.18322726263516192
543,tfidf_term_00543,275,48.63874816894531,0.17686817515980113
547,tfidf_term_00547,275,48.1418571472168,0.17506129871715198
657,tfidf_term_00657,275,46.62863540649414,0.16955867420543325
965,tfidf_term_00965,275,43.27056884765625,0.15734752308238636
133,tfidf_term_00133,275,40.13101577758789,0.14593096646395595
123,tfidf_term_00123,274,47.2774772644043,0.17254553746132956
1129,tfidf_term_01129,274,45.59279251098633,0.16639705295980411
692,tfidf_term_00692,274,41.85015106201172,0.15273777759858292
1230,tfidf_term_01230,273,214.9781494140625,0.7874657487694597
829,tfidf_term_00829,273,44.7744026184082,0.16400880080003005
1124,tfidf_term_01124,273,44.66000747680664,0.1635897709773137
741,tfidf_term_00741,271,46.24345397949219,0.17064005158484202
787,tfidf_term_00787,271,45.25817108154297,0.1670043213341069
1185,tfidf_term_01185,271,42.048702239990234,0.15516126287819273
1024,tfidf_term_01024,271,41.46867370605469,0.15302093618470364
99,tfidf_term_00099,270,59.565738677978516,0.22061384695547598
334,tfidf_term_00334,270,57.62215042114258,0.2134153719301577
29,tfidf_term_00029,270,41.847869873046875,0.15499211064091437
281,tfidf_term_00281,269,60.17464065551758,0.2236975489052698
768,tfidf_term_00768,269,49.339813232421875,0.18341938004617797
847,tfidf_term_00847,269,43.96054458618164,0.163422098833389
178,tfidf_term_00178,269,43.91970443725586,0.16327027671842326
45,tfidf_term_00045,269,39.958492279052734,0.1485445809630213
887,tfidf_term_00887,268,44.32604217529297,0.16539567975855585
480,tfidf_term_00480,268,41.345211029052734,0.15427317548154004
817,tfidf_term_00817,267,52.59188461303711,0.19697335061062587
622,tfidf_term_00622,267,41.385257720947266,0.1550009652469935
208,tfidf_term_00208,266,69.20811462402344,0.2601808820452009
442,tfidf_term_00442,266,53.05821228027344,0.19946696345967457
259,tfidf_term_00259,265,47.701026916503906,0.1800038751566185
687,tfidf_term_00687,265,46.021270751953125,0.1736651726488797
977,tfidf_term_00977,265,44.618778228759766,0.1683727480330557
1055,tfidf_term_01055,265,43.21971130371094,0.16309325020268278
51,tfidf_term_00051,264,48.1476936340332,0.18237762740164093
10,tfidf_term_00010,264,41.989559173583984,0.15905136050599994
1075,tfidf_term_01075,264,40.15571594238281,0.15210498463023792
831,tfidf_term_00831,264,39.552181243896484,0.14981886834809274
593,tfidf_term_00593,264,37.78636932373047,0.14313018683231238
983,tfidf_term_00983,263,43.63642501831055,0.16591796584908952
892,tfidf_term_00892,263,39.58024597167969,0.1504952318314817
68,tfidf_term_00068,263,38.129547119140625,0.144979266612702
197,tfidf_term_00197,262,74.71431732177734,0.28516915008311966
331,tfidf_term_00331,262,46.597557067871094,0.1778532712514164
9,tfidf_term_00009,262,43.77014923095703,0.16706163828609555
858,tfidf_term_00858,262,40.8474006652832,0.15590610940947788
404,tfidf_term_00404,262,40.030879974365234,0.15278961822276807
744,tfidf_term_00744,262,39.20809555053711,0.14964921965853858
36,tfidf_term_00036,262,38.39313507080078,0.14653868347633886
458,tfidf_term_00458,261,55.57277297973633,0.2129225018380702
642,tfidf_term_00642,261,51.069942474365234,0.19567027767956027
709,tfidf_term_00709,261,39.6882209777832,0.15206214934016554
315,tfidf_term_00315,260,47.99984359741211,0.18461478306696966
803,tfidf_term_00803,260,47.48492431640625,0.1826343242938702
590,tfidf_term_00590,260,44.99970245361328,0.1730757786677434
1087,tfidf_term_01087,259,45.39744186401367,0.1752796983166551
290,tfidf_term_00290,259,44.85366439819336,0.17318017142159597
868,tfidf_term_00868,259,35.20232009887695,0.13591629381805773
148,tfidf_term_00148,258,40.79741668701172,0.15812952204268108
361,tfidf_term_00361,258,39.134830474853516,0.15168538943741672
668,tfidf_term_00668,258,38.2692985534668,0.14833061454832092
289,tfidf_term_00289,257,56.380001068115234,0.21937743606270518
623,tfidf_term_00623,257,50.83206558227539,0.19779013845243343
44,tfidf_term_00044,256,42.34061050415039,0.16539300978183746
685,tfidf_term_00685,256,39.502105712890625,0.154305100440979
109,tfidf_term_00109,255,43.245323181152344,0.16958950267118567
31,tfidf_term_00031,255,40.81739044189453,0.1600681978113511
318,tfidf_term_00318,255,37.41436767578125,0.1467230104932598
88,tfidf_term_00088,254,59.21465301513672,0.23312855517770362
419,tfidf_term_00419,254,46.35471725463867,0.1824988868292861
854,tfidf_term_00854,254,41.45730209350586,0.16321772477758212
647,tfidf_term_00647,253,46.039161682128906,0.18197297107560834
489,tfidf_term_00489,253,43.59794235229492,0.17232388281539496
223,tfidf_term_00223,253,41.17152404785156,0.16273329663182437
1098,tfidf_term_01098,253,39.97395324707031,0.15799981520581152
255,tfidf_term_00255,253,38.140113830566406,0.15075143806547986
491,tfidf_term_00491,253,37.34728240966797,0.14761771703426074
767,tfidf_term_00767,252,48.368343353271484,0.19193787044949
517,tfidf_term_00517,252,47.71761703491211,0.18935562315441312
74,tfidf_term_00074,252,42.680423736572266,0.16936676085941374
1161,tfidf_term_01161,251,46.29534149169922,0.1844435916003953
982,tfidf_term_00982,251,44.76495361328125,0.1783464287381723
1144,tfidf_term_01144,251,42.49453353881836,0.16930093043353928
1146,tfidf_term_01146,251,40.098697662353516,0.15975576757909768
171,tfidf_term_00171,250,42.61708068847656,0.17046832275390625
754,tfidf_term_00754,250,38.75634765625,0.155025390625
777,tfidf_term_00777,250,38.375396728515625,0.1535015869140625
1094,tfidf_term_01094,250,36.35441589355469,0.14541766357421876
837,tfidf_term_00837,249,45.598388671875,0.18312605892319278
987,tfidf_term_00987,249,38.47221374511719,0.15450688251051078
307,tfidf_term_00307,248,57.784278869628906,0.2330011244743101
971,tfidf_term_00971,248,52.03292465209961,0.20981018004878874
600,tfidf_term_00600,247,57.418182373046875,0.23246227681395495
326,tfidf_term_00326,247,52.46444320678711,0.21240665265905712
844,tfidf_term_00844,247,50.899383544921875,0.20607037872438005
345,tfidf_term_00345,247,46.90587615966797,0.1899023326302347
1046,tfidf_term_01046,247,44.405738830566406,0.17978031915209072
781,tfidf_term_00781,247,40.26451110839844,0.16301421501375885
1104,tfidf_term_01104,247,40.06593704223633,0.162210271426058
776,tfidf_term_00776,247,36.84189987182617,0.14915748935962012
779,tfidf_term_00779,246,48.369014739990234,0.19662201113817168
535,tfidf_term_00535,246,42.72784423828125,0.1736904237328506
697,tfidf_term_00697,246,42.17158508300781,0.1714292076545033
291,tfidf_term_00291,245,40.38459777832031,0.16483509297273596
102,tfidf_term_00102,245,37.593910217285156,0.1534445314991231
1186,tfidf_term_01186,245,36.84716033935547,0.15039657281369578
378,tfidf_term_00378,244,48.52345275878906,0.1988666096671683
994,tfidf_term_00994,244,46.29523849487305,0.18973458399538135
802,tfidf_term_00802,244,44.55366134643555,0.18259697273129322
348,tfidf_term_00348,244,41.53599166870117,0.170229474052054
1482,tfidf_term_01482,243,177.1912384033203,0.7291820510424705
663,tfidf_term_00663,243,44.9967155456543,0.1851716689121576
274,tfidf_term_00274,243,40.780006408691406,0.16781895641436792
424,tfidf_term_00424,243,40.575687408447266,0.16697813748332208
823,tfidf_term_00823,243,39.965301513671875,0.16446626137313528
56,tfidf_term_00056,243,37.72842788696289,0.1552610201109584
1035,tfidf_term_01035,242,44.77571105957031,0.18502359941971203
446,tfidf_term_00446,242,44.64930725097656,0.18450126963213456
822,tfidf_term_00822,242,43.064449310302734,0.17795226987728402
343,tfidf_term_00343,242,40.67638397216797,0.1680842312899503
532,tfidf_term_00532,242,40.6160888671875,0.1678350779635847
788,tfidf_term_00788,242,39.240962982177734,0.16215273959577575
3,tfidf_term_00003,242,38.97553253173828,0.16105591955263754
17,tfidf_term_00017,242,38.504276275634766,0.15910857965138334
160,tfidf_term_00160,241,46.63666534423828,0.1935131342084576
1068,tfidf_term_01068,241,42.46623229980469,0.17620843277927256
94,tfidf_term_00094,241,41.858055114746094,0.17368487599479707
894,tfidf_term_00894,241,41.79404067993164,0.1734192559333263
146,tfidf_term_00146,241,40.49570846557617,0.16803198533434097
338,tfidf_term_00338,241,38.266510009765625,0.15878219921064574
429,tfidf_term_00429,241,36.00186538696289,0.14938533355586261
448,tfidf_term_00448,240,45.117218017578125,0.18798840840657552
256,tfidf_term_00256,240,42.31170654296875,0.17629877726236978
539,tfidf_term_00539,240,39.806739807128906,0.1658614158630371
184,tfidf_term_00184,240,37.83943176269531,0.15766429901123047
207,tfidf_term_00207,240,37.536407470703125,0.15640169779459637
790,tfidf_term_00790,240,35.93293380737305,0.14972055753072103
363,tfidf_term_00363,239,48.168548583984375,0.20154204428445346
263,tfidf_term_00263,239,48.05344772338867,0.20106045072547563
384,tfidf_term_00384,239,47.83234786987305,0.2001353467358705
895,tfidf_term_00895,239,47.79458999633789,0.19997736400141378
443,tfidf_term_00443,239,42.50871276855469,0.17786072288098195
304,tfidf_term_00304,239,40.83647918701172,0.1708639296527687
154,tfidf_term_00154,239,38.647911071777344,0.16170674088609768
188,tfidf_term_00188,238,46.17681884765625,0.19402024725905986
230,tfidf_term_00230,238,45.46699523925781,0.19103779512293198
771,tfidf_term_00771,238,41.26259231567383,0.17337223662047827
678,tfidf_term_00678,238,37.85848617553711,0.1590692696451139
216,tfidf_term_00216,238,36.686119079589844,0.15414335747726826
168,tfidf_term_00168,238,36.64162826538086,0.15395642128311285
472,tfidf_term_00472,238,34.78093719482422,0.14613839157489167
270,tfidf_term_00270,237,46.062225341796875,0.19435538118901635
287,tfidf_term_00287,237,39.722957611083984,0.16760741608052315
1077,tfidf_term_01077,237,37.60390090942383,0.15866624856296974
136,tfidf_term_00136,236,45.72542953491211,0.1937518200631869
991,tfidf_term_00991,236,42.9618034362793,0.1820415399842343
690,tfidf_term_00690,236,37.269004821777344,0.15791951195668366
30,tfidf_term_00030,236,36.64957809448242,0.15529482243424755
21,tfidf_term_00021,236,35.69682693481445,0.1512577412492138
20,tfidf_term_00020,235,37.66008758544922,0.1602556918529754
183,tfidf_term_00183,235,37.099143981933594,0.1578686977954621
691,tfidf_term_00691,235,35.76225662231445,0.15217981541410405
377,tfidf_term_00377,234,44.841854095458984,0.19163185510879907
605,tfidf_term_00605,233,45.15473937988281,0.1937971647205271
959,tfidf_term_00959,233,41.75617599487305,0.17921105577198732
364,tfidf_term_00364,233,38.78391647338867,0.1664545771390072
935,tfidf_term_00935,233,36.85419845581055,0.15817252556141867
371,tfidf_term_00371,233,36.03144836425781,0.15464140928866013
901,tfidf_term_00901,233,35.47013473510742,0.15223233791891597
613,tfidf_term_00613,232,51.8060417175293,0.22330190395486765
482,tfidf_term_00482,232,50.45737075805664,0.21748866706058897
1071,tfidf_term_01071,232,39.68952941894531,0.17107555784028153
1140,tfidf_term_01140,232,39.63631057739258,0.17084616628186455
1015,tfidf_term_01015,232,38.733009338378906,0.16695262645852976
1163,tfidf_term_01163,232,36.93355941772461,0.1591963768005371
70,tfidf_term_00070,232,35.438804626464844,0.15275346821752087
1031,tfidf_term_01031,231,36.45056915283203,0.15779467165728153
899,tfidf_term_00899,231,34.914215087890625,0.15114378825926678
324,tfidf_term_00324,230,47.41037368774414,0.20613205951193106
242,tfidf_term_00242,230,40.54607009887695,0.176287261299465
724,tfidf_term_00724,230,35.050411224365234,0.15239309227984885
520,tfidf_term_00520,229,61.878196716308594,0.2702104660100812
389,tfidf_term_00389,229,43.926509857177734,0.19181882033702066
999,tfidf_term_00999,229,37.755096435546875,0.16486941674911298
531,tfidf_term_00531,229,36.84112548828125,0.16087827724140283
264,tfidf_term_00264,229,36.6296272277832,0.15995470405145504
884,tfidf_term_00884,229,34.293357849121094,0.14975265436297422
865,tfidf_term_00865,228,39.22256851196289,0.17202880926299513
104,tfidf_term_00104,228,37.608154296875,0.16494804516173245
877,tfidf_term_00877,228,36.39715576171875,0.15963664807771383
72,tfidf_term_00072,227,53.51350021362305,0.23574229168996938
936,tfidf_term_00936,227,34.847652435302734,0.15351388738018826
1483,tfidf_term_01483,226,144.61248779296875,0.6398782645706582
155,tfidf_term_00155,226,48.41352462768555,0.21421913552073252
432,tfidf_term_00432,226,44.086448669433594,0.1950727817231575
58,tfidf_term_00058,226,38.886417388916016,0.17206379375626554
415,tfidf_term_00415,226,38.84114456176758,0.17186347151224593
487,tfidf_term_00487,226,36.80504608154297,0.16285418620151756
1064,tfidf_term_01064,226,35.03650665283203,0.15502879049925677
61,tfidf_term_00061,226,34.560054779052734,0.15292059636748997
815,tfidf_term_00815,225,44.183258056640625,0.19637003580729168
416,tfidf_term_00416,225,42.4151611328125,0.18851182725694443
1381,tfidf_term_01381,224,179.11256408691406,0.7996096611022949
182,tfidf_term_00182,224,40.53530502319336,0.18096118313925608
628,tfidf_term_00628,224,39.402732849121094,0.17590505736214773
105,tfidf_term_00105,224,39.05642318725586,0.17435903208596365
313,tfidf_term_00313,224,37.367103576660156,0.16681742668151855
395,tfidf_term_00395,223,41.41335678100586,0.18571012009419668
1153,tfidf_term_01153,222,39.35308074951172,0.17726612950230505
763,tfidf_term_00763,222,38.647430419921875,0.1740875244140625
889,tfidf_term_00889,222,37.35905456542969,0.1682840295740076
558,tfidf_term_00558,221,52.61424255371094,0.23807349571814904
156,tfidf_term_00156,221,44.67402648925781,0.20214491624098557
944,tfidf_term_00944,221,36.68220520019531,0.16598282896015978
16,tfidf_term_00016,221,34.65856170654297,0.15682607107033017
816,tfidf_term_00816,220,41.688087463378906,0.1894913066517223
924,tfidf_term_00924,220,41.25947952270508,0.18754308873956854
365,tfidf_term_00365,220,39.73506546020508,0.1806139339100231
87,tfidf_term_00087,220,38.65526580810547,0.17570575367320668
34,tfidf_term_00034,219,42.30564880371094,0.1931764785557577
760,tfidf_term_00760,219,40.59715270996094,0.185375126529502
37,tfidf_term_00037,219,39.93278503417969,0.18234148417433646
911,tfidf_term_00911,219,39.389556884765625,0.17986099034139555
1151,tfidf_term_01151,219,38.915855407714844,0.1776979698982413
134,tfidf_term_00134,219,34.07040786743164,0.15557263866407142
1020,tfidf_term_01020,218,37.847110748291016,0.17361059976280283
69,tfidf_term_00069,218,34.680694580078125,0.15908575495448682
6,tfidf_term_00006,218,34.190555572509766,0.15683741088307232
24,tfidf_term_00024,218,33.7269401550293,0.1547107346560977
879,tfidf_term_00879,218,32.99983215332031,0.15137537685009317
258,tfidf_term_00258,218,31.40134620666504,0.14404287250763778
607,tfidf_term_00607,217,43.099891662597656,0.19861701227003528
1199,tfidf_term_01199,217,38.72838592529297,0.1784718245405206
909,tfidf_term_00909,217,36.11300277709961,0.16641936763640372
808,tfidf_term_00808,217,34.26274108886719,0.15789281607772898
413,tfidf_term_00413,216,37.11030578613281,0.17180697123209634
410,tfidf_term_00410,216,36.941062927246094,0.17102343947799117
660,tfidf_term_00660,216,35.936851501464844,0.1663743125067817
41,tfidf_term_00041,216,34.68862533569336,0.16059548766524703
902,tfidf_term_00902,216,32.109920501708984,0.14865703935976382
540,tfidf_term_00540,215,37.02473831176758,0.172208085171012
874,tfidf_term_00874,215,35.157997131347656,0.1635255680527798
700,tfidf_term_00700,215,35.026634216308594,0.16291457775027252
796,tfidf_term_00796,215,34.4697380065918,0.1603243628213572
735,tfidf_term_00735,214,50.545326232910156,0.23619311323789793
850,tfidf_term_00850,214,44.73896408081055,0.2090605798168717
161,tfidf_term_00161,214,42.75222396850586,0.19977674751638252
729,tfidf_term_00729,214,42.22167205810547,0.19729753298180125
805,tfidf_term_00805,214,37.25556182861328,0.17409141041408074
1040,tfidf_term_01040,214,36.62666320800781,0.17115263181312063
746,tfidf_term_00746,213,35.283878326416016,0.1656520109221409
948,tfidf_term_00948,213,35.20272445678711,0.1652710068393761
282,tfidf_term_00282,213,34.309383392333984,0.16107691733490134
1009,tfidf_term_01009,213,33.757083892822266,0.1584839619381327
512,tfidf_term_00512,212,52.4114990234375,0.2472240519973467
251,tfidf_term_00251,212,41.26624298095703,0.19465208953281618
1032,tfidf_term_01032,212,39.99876403808594,0.18867341527399026
673,tfidf_term_00673,212,35.71078109741211,0.16844708064817032
789,tfidf_term_00789,212,35.04902648925781,0.1653255966474425
972,tfidf_term_00972,211,32.31993103027344,0.15317502857949497
1139,tfidf_term_01139,210,36.26007843017578,0.1726670401436942
1147,tfidf_term_01147,209,49.395965576171875,0.2363443329003439
774,tfidf_term_00774,209,44.821380615234375,0.21445636658006878
238,tfidf_term_00238,209,41.30991744995117,0.19765510741603431
277,tfidf_term_00277,209,39.75279235839844,0.1902047481263083
486,tfidf_term_00486,208,34.81632614135742,0.1673861833719107
128,tfidf_term_00128,207,49.88167190551758,0.2409742604131284
523,tfidf_term_00523,207,33.82560729980469,0.16340873091693087
303,tfidf_term_00303,206,36.82908630371094,0.17878197234811136
359,tfidf_term_00359,206,34.79542922973633,0.168909850629788
227,tfidf_term_00227,205,49.819801330566406,0.24302342112471417
645,tfidf_term_00645,205,32.44300842285156,0.15825857767244664
750,tfidf_term_00750,204,37.860198974609375,0.18558921065984987
669,tfidf_term_00669,204,37.39215087890625,0.18329485724954045
417,tfidf_term_00417,203,52.5368537902832,0.2588022354201143
385,tfidf_term_00385,203,46.86174774169922,0.2308460479886661
50,tfidf_term_00050,203,45.169464111328125,0.2225096754252617
918,tfidf_term_00918,202,42.62559127807617,0.21101777860433749
312,tfidf_term_00312,202,36.413047790527344,0.1802626128243928
951,tfidf_term_00951,202,31.923410415649414,0.1580366852259872
38,tfidf_term_00038,201,44.714229583740234,0.22245885365044893
730,tfidf_term_00730,201,40.030826568603516,0.1991583411373309
375,tfidf_term_00375,201,37.30356216430664,0.1855898615139634
479,tfidf_term_00479,201,36.800411224365234,0.1830866230067922
286,tfidf_term_00286,201,36.44523620605469,0.18131958311469995
180,tfidf_term_00180,201,36.2614860534668,0.1804054032510786
147,tfidf_term_00147,199,36.86419677734375,0.185247219986652
151,tfidf_term_00151,199,36.2441520690918,0.1821314174326221
408,tfidf_term_00408,199,34.019535064697266,0.17095243751104153
552,tfidf_term_00552,199,32.924163818359375,0.16544805938874058
79,tfidf_term_00079,198,34.67735290527344,0.17513814598622948
872,tfidf_term_00872,197,28.78132438659668,0.14609809333297807
793,tfidf_term_00793,195,35.26073455810547,0.18082427978515625
309,tfidf_term_00309,195,32.914772033691406,0.16879370273687902
111,tfidf_term_00111,194,68.47626495361328,0.3529704379052231
67,tfidf_term_00067,193,38.07582092285156,0.1972840462323915
1076,tfidf_term_01076,191,42.64396286010742,0.22326682125710692
560,tfidf_term_00560,188,48.78458786010742,0.25949248861759266
433,tfidf_term_00433,187,41.452735900878906,0.22167238449667864
861,tfidf_term_00861,187,31.544950485229492,0.1686895747873235
981,tfidf_term_00981,186,34.69490051269531,0.18653172318653394
1045,tfidf_term_01045,186,33.99555969238281,0.1827718263031334
1338,tfidf_term_01338,185,109.98826599121094,0.5945311675200591
1372,tfidf_term_01372,185,109.98826599121094,0.5945311675200591
1148,tfidf_term_01148,185,47.7869758605957,0.25830797762484164
655,tfidf_term_00655,185,31.48603630065918,0.17019479081437394
1085,tfidf_term_01085,184,36.26898193359375,0.19711403224779211
237,tfidf_term_00237,183,35.82307052612305,0.19575448374930626
674,tfidf_term_00674,182,33.31607437133789,0.18305535368866974
745,tfidf_term_00745,180,39.215362548828125,0.21786312527126736
984,tfidf_term_00984,180,36.496002197265625,0.2027555677625868
1493,tfidf_term_01493,177,116.45677185058594,0.6579478635626325
1042,tfidf_term_01042,177,35.14476013183594,0.1985579668465307
733,tfidf_term_00733,177,34.93867874145508,0.19739366520596088
497,tfidf_term_00497,176,47.95738983154297,0.27248516949740326
73,tfidf_term_00073,175,52.687538146972656,0.3010716465541295
561,tfidf_term_00561,174,42.650230407714844,0.24511626671100484
1012,tfidf_term_01012,172,36.41593933105469,0.2117205775061319
470,tfidf_term_00470,171,40.965911865234375,0.2395667360540022
1081,tfidf_term_01081,171,40.96271514892578,0.2395480418065835
586,tfidf_term_00586,169,44.014320373535156,0.26043976552387665
76,tfidf_term_00076,169,43.57841110229492,0.2578604207236386
1014,tfidf_term_01014,167,36.44470977783203,0.21823179507683851
195,tfidf_term_00195,166,40.582035064697266,0.24447009075118833
742,tfidf_term_00742,165,38.608360290527344,0.2339900623668324
791,tfidf_term_00791,164,33.66493606567383,0.20527400040045019
214,tfidf_term_00214,163,55.40134811401367,0.3398855712516176
1284,tfidf_term_01284,160,98.431884765625,0.6151992797851562
1403,tfidf_term_01403,160,98.431884765625,0.6151992797851562
124,tfidf_term_00124,158,39.870574951171875,0.2523454110833663
91,tfidf_term_00091,155,37.9019775390625,0.24452888734879033
528,tfidf_term_00528,153,40.29084014892578,0.2633388245027829
463,tfidf_term_00463,153,36.21153259277344,0.2366766836128983
92,tfidf_term_00092,146,30.63581085205078,0.20983432090445742
1448,tfidf_term_01448,140,114.77682495117188,0.8198344639369419
445,tfidf_term_00445,140,35.5560417175293,0.2539717265537807
1229,tfidf_term_01229,139,72.25321197509766,0.519807280396386
878,tfidf_term_00878,139,40.53107833862305,0.29159049164477013
966,tfidf_term_00966,139,38.82693099975586,0.27933043884716446
93,tfidf_term_00093,136,35.9397087097168,0.2642625640420353
1239,tfidf_term_01239,130,104.61842346191406,0.8047571035531851
912,tfidf_term_00912,130,33.884178161621094,0.26064752432016225
112,tfidf_term_00112,130,33.72468948364258,0.25942068833571214
1365,tfidf_term_01365,123,76.02986145019531,0.6181289548796367
1444,tfidf_term_01444,123,76.02986145019531,0.6181289548796367
832,tfidf_term_00832,122,30.998868942260742,0.2540890896906618
1327,tfidf_term_01327,118,97.50605773925781,0.8263225232140493
66,tfidf_term_00066,111,42.61370849609375,0.38390728374859234
1452,tfidf_term_01452,108,39.77427291870117,0.3682803048027886
1282,tfidf_term_01282,107,66.51815032958984,0.6216649563513069
1421,tfidf_term_01421,107,66.51815032958984,0.6216649563513069
1335,tfidf_term_01335,87,68.80489349365234,0.7908608447546246
1225,tfidf_term_01225,85,67.29290008544922,0.7916811774758732
1277,tfidf_term_01277,85,46.59237289428711,0.5481455634622013
1311,tfidf_term_01311,85,46.59237289428711,0.5481455634622013
1487,tfidf_term_01487,85,46.59237289428711,0.5481455634622013
1354,tfidf_term_01354,84,54.838138580322266,0.6528349830990746
1280,tfidf_term_01280,81,30.689424514770508,0.37888178413296925
1479,tfidf_term_01479,73,32.964088439941406,0.45156285534166307
529,tfidf_term_00529,72,36.10599136352539,0.501472102271186
1458,tfidf_term_01458,60,31.18023681640625,0.5196706136067708
1250,tfidf_term_01250,55,25.58196258544922,0.4651265924627131
1302,tfidf_term_01302,53,51.12797546386719,0.9646787823371168
1476,tfidf_term_01476,53,29.423742294311523,0.555164948949274
1413,tfidf_term_01413,52,33.197139739990234,0.6384065334613507
1429,tfidf_term_01429,52,33.197139739990234,0.6384065334613507
1256,tfidf_term_01256,49,19.08161735534668,0.38942076235401385
1266,tfidf_term_01266,38,19.201248168945312,0.5052960044459293
1416,tfidf_term_01416,38,19.201248168945312,0.5052960044459293
1259,tfidf_term_01259,37,24.804903030395508,0.670402784605284
1260,tfidf_term_01260,35,23.042367935180664,0.6583533695765904
1276,tfidf_term_01276,35,16.970199584960938,0.4848628452845982
1320,tfidf_term_01320,35,16.970199584960938,0.4848628452845982
1462,tfidf_term_01462,32,17.53998565673828,0.5481245517730713
1238,tfidf_term_01238,31,19.885456085205078,0.6414663253291961
1437,tfidf_term_01437,31,19.885456085205078,0.6414663253291961
1279,tfidf_term_01279,30,25.297182083129883,0.8432394027709961
1218,tfidf_term_01218,27,11.844453811645508,0.4386834745053892
1215,tfidf_term_01215,25,15.963788032531738,0.6385515213012696
1457,tfidf_term_01457,25,15.963788032531738,0.6385515213012696
1373,tfidf_term_01373,22,8.94629192352295,0.4066496328874068
1249,tfidf_term_01249,21,17.270994186401367,0.8224282945905413
1233,tfidf_term_01233,18,13.748566627502441,0.7638092570834689
1464,tfidf_term_01464,12,6.6112446784973145,0.5509370565414429
1477,tfidf_term_01477,12,6.6112446784973145,0.5509370565414429
1283,tfidf_term_01283,10,6.297977924346924,0.6297977924346924
1484,tfidf_term_01484,10,6.297977924346924,0.6297977924346924
1244,tfidf_term_01244,9,5.978991508483887,0.664332389831543
1494,tfidf_term_01494,9,5.978991508483887,0.664332389831543
1325,tfidf_term_01325,6,5.429262638092041,0.9048771063486735
1296,tfidf_term_01296,6,4.001563549041748,0.6669272581736246
1299,tfidf_term_01299,6,4.001563549041748,0.6669272581736246
1472,tfidf_term_01472,5,1.5189313888549805,0.3037862777709961
1342,tfidf_term_01342,4,0.8826244473457336,0.2206561118364334
1397,tfidf_term_01397,4,0.6473183631896973,0.16182959079742432
1312,tfidf_term_01312,3,0.9454472661018372,0.31514908870061237
1390,tfidf_term_01390,3,0.6273061037063599,0.20910203456878662
1475,tfidf_term_01475,3,0.6208473443984985,0.2069491147994995
1349,tfidf_term_01349,3,0.5163931250572205,0.17213104168574014
1214,tfidf_term_01214,3,0.4525914192199707,0.1508638064066569
1350,tfidf_term_01350,3,0.314225971698761,0.10474199056625366
1388,tfidf_term_01388,3,0.22894912958145142,0.07631637652715047
1285,tfidf_term_01285,2,1.3073641061782837,0.6536820530891418
1289,tfidf_term_01289,2,0.4220018982887268,0.2110009491443634
1453,tfidf_term_01453,2,0.4164887070655823,0.20824435353279114
1254,tfidf_term_01254,2,0.40994518995285034,0.20497259497642517
1495,tfidf_term_01495,2,0.38247478008270264,0.19123739004135132
1203,tfidf_term_01203,2,0.3090086877346039,0.15450434386730194
1408,tfidf_term_01408,2,0.2836642265319824,0.1418321132659912
1220,tfidf_term_01220,2,0.28258126974105835,0.14129063487052917
1222,tfidf_term_01222,2,0.2763284742832184,0.1381642371416092
1459,tfidf_term_01459,2,0.2564932703971863,0.12824663519859314
1423,tfidf_term_01423,2,0.24222716689109802,0.12111358344554901
1351,tfidf_term_01351,2,0.17539197206497192,0.08769598603248596
1317,tfidf_term_01317,1,0.8681578040122986,0.8681578040122986
1341,tfidf_term_01341,1,0.6583544611930847,0.6583544611930847
1481,tfidf_term_01481,1,0.6071605682373047,0.6071605682373047
1498,tfidf_term_01498,1,0.6071605682373047,0.6071605682373047
1200,tfidf_term_01200,1,0.47390085458755493,0.47390085458755493
1480,tfidf_term_01480,1,0.47390085458755493,0.47390085458755493
1406,tfidf_term_01406,1,0.39377525448799133,0.39377525448799133
1450,tfidf_term_01450,1,0.39377525448799133,0.39377525448799133
1210,tfidf_term_01210,1,0.3785216510295868,0.3785216510295868
1205,tfidf_term_01205,1,0.3544270694255829,0.3544270694255829
1234,tfidf_term_01234,1,0.3544270694255829,0.3544270694255829
1241,tfidf_term_01241,1,0.3544270694255829,0.3544270694255829
1343,tfidf_term_01343,1,0.3544270694255829,0.3544270694255829
1376,tfidf_term_01376,1,0.3544270694255829,0.3544270694255829
1384,tfidf_term_01384,1,0.3544270694255829,0.3544270694255829
1424,tfidf_term_01424,1,0.3544270694255829,0.3544270694255829
1253,tfidf_term_01253,1,0.32917723059654236,0.32917723059654236
1359,tfidf_term_01359,1,0.32917723059654236,0.32917723059654236
1367,tfidf_term_01367,1,0.32917723059654236,0.32917723059654236
1208,tfidf_term_01208,1,0.30358028411865234,0.30358028411865234
1499,tfidf_term_01499,1,0.30358028411865234,0.30358028411865234
1209,tfidf_term_01209,1,0.25295785069465637,0.25295785069465637
1374,tfidf_term_01374,1,0.25295785069465637,0.25295785069465637
1491,tfidf_term_01491,1,0.25295785069465637,0.25295785069465637
1202,tfidf_term_01202,1,0.23695042729377747,0.23695042729377747
1206,tfidf_term_01206,1,0.23695042729377747,0.23695042729377747
1212,tfidf_term_01212,1,0.23695042729377747,0.23695042729377747
1213,tfidf_term_01213,1,0.23695042729377747,0.23695042729377747
1346,tfidf_term_01346,1,0.23695042729377747,0.23695042729377747
1411,tfidf_term_01411,1,0.23695042729377747,0.23695042729377747
1467,tfidf_term_01467,1,0.23695042729377747,0.23695042729377747
1235,tfidf_term_01235,1,0.19688762724399567,0.19688762724399567
1236,tfidf_term_01236,1,0.19688762724399567,0.19688762724399567
1291,tfidf_term_01291,1,0.19688762724399567,0.19688762724399567
1353,tfidf_term_01353,1,0.19688762724399567,0.19688762724399567
1358,tfidf_term_01358,1,0.19688762724399567,0.19688762724399567
1364,tfidf_term_01364,1,0.19688762724399567,0.19688762724399567
1428,tfidf_term_01428,1,0.19688762724399567,0.19688762724399567
1436,tfidf_term_01436,1,0.19688762724399567,0.19688762724399567
1442,tfidf_term_01442,1,0.19688762724399567,0.19688762724399567
1443,tfidf_term_01443,1,0.19688762724399567,0.19688762724399567
1393,tfidf_term_01393,1,0.19606398046016693,0.19606398046016693
1474,tfidf_term_01474,1,0.19606398046016693,0.19606398046016693
1232,tfidf_term_01232,1,0.1892608255147934,0.1892608255147934
1257,tfidf_term_01257,1,0.1892608255147934,0.1892608255147934
1288,tfidf_term_01288,1,0.1892608255147934,0.1892608255147934
1292,tfidf_term_01292,1,0.1892608255147934,0.1892608255147934
1300,tfidf_term_01300,1,0.1892608255147934,0.1892608255147934
1318,tfidf_term_01318,1,0.1892608255147934,0.1892608255147934
1321,tfidf_term_01321,1,0.1892608255147934,0.1892608255147934
1333,tfidf_term_01333,1,0.1892608255147934,0.1892608255147934
1363,tfidf_term_01363,1,0.1892608255147934,0.1892608255147934
1369,tfidf_term_01369,1,0.1892608255147934,0.1892608255147934
1371,tfidf_term_01371,1,0.1892608255147934,0.1892608255147934
1383,tfidf_term_01383,1,0.1892608255147934,0.1892608255147934
1385,tfidf_term_01385,1,0.1892608255147934,0.1892608255147934
1392,tfidf_term_01392,1,0.1892608255147934,0.1892608255147934
1399,tfidf_term_01399,1,0.1892608255147934,0.1892608255147934
1415,tfidf_term_01415,1,0.1892608255147934,0.1892608255147934
1441,tfidf_term_01441,1,0.1892608255147934,0.1892608255147934
1496,tfidf_term_01496,1,0.1892608255147934,0.1892608255147934
1223,tfidf_term_01223,1,0.1877327263355255,0.1877327263355255
1469,tfidf_term_01469,1,0.1877327263355255,0.1877327263355255
1217,tfidf_term_01217,1,0.16863855719566345,0.16863855719566345
1295,tfidf_term_01295,1,0.16863855719566345,0.16863855719566345
1344,tfidf_term_01344,1,0.16863855719566345,0.16863855719566345
1370,tfidf_term_01370,1,0.16863855719566345,0.16863855719566345
1420,tfidf_term_01420,1,0.16863855719566345,0.16863855719566345
1422,tfidf_term_01422,1,0.16863855719566345,0.16863855719566345
1435,tfidf_term_01435,1,0.16863855719566345,0.16863855719566345
1262,tfidf_term_01262,1,0.14469297230243683,0.14469297230243683
1297,tfidf_term_01297,1,0.14469297230243683,0.14469297230243683
1298,tfidf_term_01298,1,0.14469297230243683,0.14469297230243683
1304,tfidf_term_01304,1,0.14469297230243683,0.14469297230243683
1305,tfidf_term_01305,1,0.14469297230243683,0.14469297230243683
1306,tfidf_term_01306,1,0.14469297230243683,0.14469297230243683
1307,tfidf_term_01307,1,0.14469297230243683,0.14469297230243683
1310,tfidf_term_01310,1,0.14469297230243683,0.14469297230243683
1375,tfidf_term_01375,1,0.14469297230243683,0.14469297230243683
1497,tfidf_term_01497,1,0.14469297230243683,0.14469297230243683
1460,tfidf_term_01460,1,0.12515515089035034,0.12515515089035034
1471,tfidf_term_01471,1,0.12515515089035034,0.12515515089035034
1204,tfidf_term_01204,1,0.09803199023008347,0.09803199023008347
1207,tfidf_term_01207,1,0.09803199023008347,0.09803199023008347
1231,tfidf_term_01231,1,0.09803199023008347,0.09803199023008347
1240,tfidf_term_01240,1,0.09803199023008347,0.09803199023008347
1248,tfidf_term_01248,1,0.09803199023008347,0.09803199023008347
1265,tfidf_term_01265,1,0.09803199023008347,0.09803199023008347
1269,tfidf_term_01269,1,0.09803199023008347,0.09803199023008347
1281,tfidf_term_01281,1,0.09803199023008347,0.09803199023008347
1301,tfidf_term_01301,1,0.09803199023008347,0.09803199023008347
1316,tfidf_term_01316,1,0.09803199023008347,0.09803199023008347
1319,tfidf_term_01319,1,0.09803199023008347,0.09803199023008347
1323,tfidf_term_01323,1,0.09803199023008347,0.09803199023008347
1331,tfidf_term_01331,1,0.09803199023008347,0.09803199023008347
1352,tfidf_term_01352,1,0.09803199023008347,0.09803199023008347
1360,tfidf_term_01360,1,0.09803199023008347,0.09803199023008347
1362,tfidf_term_01362,1,0.09803199023008347,0.09803199023008347
1366,tfidf_term_01366,1,0.09803199023008347,0.09803199023008347
1379,tfidf_term_01379,1,0.09803199023008347,0.09803199023008347
1386,tfidf_term_01386,1,0.09803199023008347,0.09803199023008347
1389,tfidf_term_01389,1,0.09803199023008347,0.09803199023008347
1391,tfidf_term_01391,1,0.09803199023008347,0.09803199023008347
1394,tfidf_term_01394,1,0.09803199023008347,0.09803199023008347
1395,tfidf_term_01395,1,0.09803199023008347,0.09803199023008347
1398,tfidf_term_01398,1,0.09803199023008347,0.09803199023008347
1402,tfidf_term_01402,1,0.09803199023008347,0.09803199023008347
1409,tfidf_term_01409,1,0.09803199023008347,0.09803199023008347
1410,tfidf_term_01410,1,0.09803199023008347,0.09803199023008347
1414,tfidf_term_01414,1,0.09803199023008347,0.09803199023008347
1417,tfidf_term_01417,1,0.09803199023008347,0.09803199023008347
1419,tfidf_term_01419,1,0.09803199023008347,0.09803199023008347
1430,tfidf_term_01430,1,0.09803199023008347,0.09803199023008347
1440,tfidf_term_01440,1,0.09803199023008347,0.09803199023008347
1445,tfidf_term_01445,1,0.09803199023008347,0.09803199023008347
1449,tfidf_term_01449,1,0.09803199023008347,0.09803199023008347
1454,tfidf_term_01454,1,0.09803199023008347,0.09803199023008347
1455,tfidf_term_01455,1,0.09803199023008347,0.09803199023008347
1461,tfidf_term_01461,1,0.09803199023008347,0.09803199023008347
1463,tfidf_term_01463,1,0.09803199023008347,0.09803199023008347
1465,tfidf_term_01465,1,0.09803199023008347,0.09803199023008347
1470,tfidf_term_01470,1,0.09803199023008347,0.09803199023008347
1490,tfidf_term_01490,1,0.09803199023008347,0.09803199023008347
1201,tfidf_term_01201,1,0.08431927859783173,0.08431927859783173
1211,tfidf_term_01211,1,0.08431927859783173,0.08431927859783173
1226,tfidf_term_01226,1,0.08431927859783173,0.08431927859783173
1242,tfidf_term_01242,1,0.08431927859783173,0.08431927859783173
1243,tfidf_term_01243,1,0.08431927859783173,0.08431927859783173
1251,tfidf_term_01251,1,0.08431927859783173,0.08431927859783173
1255,tfidf_term_01255,1,0.08431927859783173,0.08431927859783173
1258,tfidf_term_01258,1,0.08431927859783173,0.08431927859783173
1261,tfidf_term_01261,1,0.08431927859783173,0.08431927859783173
1267,tfidf_term_01267,1,0.08431927859783173,0.08431927859783173
1268,tfidf_term_01268,1,0.08431927859783173,0.08431927859783173
1270,tfidf_term_01270,1,0.08431927859783173,0.08431927859783173
1271,tfidf_term_01271,1,0.08431927859783173,0.08431927859783173
1272,tfidf_term_01272,1,0.08431927859783173,0.08431927859783173
1293,tfidf_term_01293,1,0.08431927859783173,0.08431927859783173
1324,tfidf_term_01324,1,0.08431927859783173,0.08431927859783173
1345,tfidf_term_01345,1,0.08431927859783173,0.08431927859783173
1347,tfidf_term_01347,1,0.08431927859783173,0.08431927859783173
1355,tfidf_term_01355,1,0.08431927859783173,0.08431927859783173
1361,tfidf_term_01361,1,0.08431927859783173,0.08431927859783173
1377,tfidf_term_01377,1,0.08431927859783173,0.08431927859783173
1380,tfidf_term_01380,1,0.08431927859783173,0.08431927859783173
1382,tfidf_term_01382,1,0.08431927859783173,0.08431927859783173
1407,tfidf_term_01407,1,0.08431927859783173,0.08431927859783173
1412,tfidf_term_01412,1,0.08431927859783173,0.08431927859783173
1418,tfidf_term_01418,1,0.08431927859783173,0.08431927859783173
1438,tfidf_term_01438,1,0.08431927859783173,0.08431927859783173
1439,tfidf_term_01439,1,0.08431927859783173,0.08431927859783173
1456,tfidf_term_01456,1,0.08431927859783173,0.08431927859783173
1466,tfidf_term_01466,1,0.08431927859783173,0.08431927859783173
1224,tfidf_term_01224,1,0.06257757544517517,0.06257757544517517
1227,tfidf_term_01227,1,0.06257757544517517,0.06257757544517517
1228,tfidf_term_01228,1,0.06257757544517517,0.06257757544517517
1245,tfidf_term_01245,1,0.06257757544517517,0.06257757544517517
1246,tfidf_term_01246,1,0.06257757544517517,0.06257757544517517
1247,tfidf_term_01247,1,0.06257757544517517,0.06257757544517517
1252,tfidf_term_01252,1,0.06257757544517517,0.06257757544517517
1273,tfidf_term_01273,1,0.06257757544517517,0.06257757544517517
1278,tfidf_term_01278,1,0.06257757544517517,0.06257757544517517
1290,tfidf_term_01290,1,0.06257757544517517,0.06257757544517517
1294,tfidf_term_01294,1,0.06257757544517517,0.06257757544517517
1303,tfidf_term_01303,1,0.06257757544517517,0.06257757544517517
1309,tfidf_term_01309,1,0.06257757544517517,0.06257757544517517
1322,tfidf_term_01322,1,0.06257757544517517,0.06257757544517517
1326,tfidf_term_01326,1,0.06257757544517517,0.06257757544517517
1328,tfidf_term_01328,1,0.06257757544517517,0.06257757544517517
1329,tfidf_term_01329,1,0.06257757544517517,0.06257757544517517
1330,tfidf_term_01330,1,0.06257757544517517,0.06257757544517517
1336,tfidf_term_01336,1,0.06257757544517517,0.06257757544517517
1339,tfidf_term_01339,1,0.06257757544517517,0.06257757544517517
1348,tfidf_term_01348,1,0.06257757544517517,0.06257757544517517
1378,tfidf_term_01378,1,0.06257757544517517,0.06257757544517517
1387,tfidf_term_01387,1,0.06257757544517517,0.06257757544517517
1396,tfidf_term_01396,1,0.06257757544517517,0.06257757544517517
1404,tfidf_term_01404,1,0.06257757544517517,0.06257757544517517
1425,tfidf_term_01425,1,0.06257757544517517,0.06257757544517517
1434,tfidf_term_01434,1,0.06257757544517517,0.06257757544517517
1446,tfidf_term_01446,1,0.06257757544517517,0.06257757544517517
1447,tfidf_term_01447,1,0.06257757544517517,0.06257757544517517
1451,tfidf_term_01451,1,0.06257757544517517,0.06257757544517517
1468,tfidf_term_01468,1,0.06257757544517517,0.06257757544517517
1473,tfidf_term_01473,1,0.06257757544517517,0.06257757544517517
1489,tfidf_term_01489,1,0.06257757544517517,0.06257757544517517
1492,tfidf_term_01492,1,0.06257757544517517,0.06257757544517517
