method,k,gamma,silhouette,davies_bouldin
qlloyd_mean,5,1.25,0.6662768638729591,0.43337328575649753
qlloyd_mean,6,1.25,0.6662768638729591,0.43337328575649753
qlloyd_mean,12,1.25,0.6662768638729591,0.43337328575649753
qlloyd_mean,5,0.5,0.6662396065980933,0.4325050935822752
qlloyd_mean,6,0.5,0.6662396065980933,0.4325050935822752
qlloyd_mean,12,0.5,0.6662396065980933,0.4325050935822752
qlloyd_mean,5,1.0,0.6662396065980933,0.4325050935822752
qlloyd_mean,6,1.0,0.6662396065980933,0.4325050935822752
qlloyd_mean,12,1.0,0.6662396065980933,0.4325050935822752
qlloyd_mean,5,0.75,0.6662396055750724,0.43250509002744375
qlloyd_mean,6,0.75,0.6662396055750724,0.43250509002744375
qlloyd_mean,12,0.75,0.6662396055750724,0.43250509002744375
qlloyd_mean,5,1.5,0.6634232131263157,0.43948633802013815
qlloyd_mean,6,1.5,0.6634232131263157,0.43948633802013815
qlloyd_mean,12,1.5,0.6634232131263157,0.43948633802013815
qlloyd_mean,5,1.75,0.6593242742595904,0.44867195678970134
qlloyd_mean,6,1.75,0.6593242742595904,0.44867195678970134
qlloyd_mean,12,1.75,0.6593242742595904,0.44867195678970134
qlloyd_mean,6,2.0,0.6549620593702152,0.4578847347630288
qlloyd_mean,6,2.25,0.6511981770462733,0.46531868377133717
qlloyd_mean,6,2.5,0.6481216237544452,0.47226819871696646
qlloyd_mean,6,3.0,0.6438414434017998,0.48263185061222663
qlloyd_mean,6,4.0,0.6395093603151987,0.493832236638966
qlloyd_mean,6,5.0,0.6373080427036094,0.5005986919917194
qlloyd_mean,6,6.0,0.635927686095929,0.5034093477895021
qlloyd_mean,6,7.0,0.6349130357235185,0.5054174102973675
qlloyd_mean,6,8.0,0.6340869585144105,0.5075405971384301
agglo_average,12,2.5,0.5756055289207558,7.338107192334075
agglo_average,12,2.25,0.5751094947685871,14.347004820197059
agglo_average,11,2.5,0.5742314258447915,6.72958669346741
agglo_average,11,2.25,0.5736134786026112,12.170333643379623
agglo_average,10,2.5,0.5726885708502497,14.943654759947986
agglo_average,12,2.0,0.5719382121265342,15.471239221306563
agglo_average,10,2.25,0.5717972605859206,10.926218712086843
agglo_average,9,2.5,0.5704262333530715,11.157784879387613
agglo_average,11,2.0,0.5702733879576453,10.377688047489059
agglo_average,12,1.75,0.5699750792756327,11.948405564956891
agglo_average,9,2.25,0.5693580732171172,9.975290632623521
agglo_average,10,3.0,0.5687756412110965,12.492912252385477
agglo_average,10,2.0,0.5687654811754896,10.780185509860218
agglo_average,12,6.0,0.5674746322161288,32.24176310788597
qlloyd_medoid,10,2.5,0.5674247350542801,7.897289003275901
agglo_average,11,1.75,0.5672148469541524,11.708494993482093
agglo_average,12,3.0,0.5671341664418318,21.417219367552487
agglo_average,9,3.0,0.5668687431495972,10.786371790289897
qlloyd_medoid,11,2.25,0.5668386016012587,8.542572885077142
agglo_average,9,2.0,0.56671876445591,10.550596281221383
agglo_average,8,2.5,0.566642297905413,12.699981503855113
agglo_average,12,4.0,0.5663408287564115,9.74614327399666
agglo_average,11,4.0,0.5663382184820044,8.650611807370197
qlloyd_medoid,11,2.0,0.5661488487982905,8.817609216120093
agglo_average,12,5.0,0.5660832575685396,4.9667799249347215
agglo_average,12,1.5,0.5659288927500137,9.28101429409378
agglo_average,11,6.0,0.5659166934174129,11.247256104972395
qlloyd_medoid,12,2.5,0.5657424599051578,11.606134006600904
agglo_average,10,4.0,0.5657239989589704,5.581010292413595
agglo_average,8,2.25,0.5656174162975841,9.207091664083169
agglo_average,10,1.75,0.5655487724973515,9.277631558482378
qlloyd_medoid,11,2.5,0.5654655488015891,8.13990224974198
agglo_average,10,6.0,0.5651992079409911,6.367697786031087
qlloyd_medoid,8,3.0,0.5650569495629902,9.166129271742651
agglo_average,8,3.0,0.5650538704644873,7.6941534099353035
agglo_average,9,5.0,0.5650367596123443,11.019762538012749
agglo_average,11,3.0,0.5648283840217213,11.403269606380507
qlloyd_medoid,10,2.25,0.5648094388230044,111.38805975188284
qlloyd_medoid,12,2.25,0.5647916320731309,10.016118753922113
agglo_average,9,6.0,0.5645336536331645,6.616975529773438
agglo_average,7,5.0,0.564528071339606,4.024702625502202
agglo_average,8,2.0,0.5643024793291275,8.415322973518364
agglo_average,8,5.0,0.5642782976817108,3.9702292276085593
qlloyd_medoid,11,1.75,0.5642120024607654,9.252049927334745
agglo_average,11,1.5,0.5641823715620132,13.319830755238648
qlloyd_medoid,10,2.0,0.5641239838909905,7.512361255623996
agglo_average,7,2.25,0.5640681345706064,8.325840651434236
qlloyd_mean,11,5.0,0.5637416146825471,3.1658249258714912
qlloyd_medoid,7,4.0,0.5637032886133883,5.573783334302085
qlloyd_medoid,12,1.75,0.5632687317631019,10.257062140003656
agglo_average,12,7.0,0.5630238369341635,6.609252692504051
agglo_average,9,1.75,0.563000123996978,17.889488186848304
agglo_average,7,3.0,0.562887663384419,6.662989478862982
agglo_average,11,5.0,0.5628589472149454,4.289872022815081
qlloyd_mean,9,6.0,0.5628052628408304,4.786349277393977
qlloyd_medoid,8,2.5,0.5628022051206439,8.40119406244542
qlloyd_medoid,12,2.0,0.5627694847813384,7.047592427435241
qlloyd_mean,11,7.0,0.5627540453687914,3.1635081319509832
qlloyd_mean,9,7.0,0.5625968417117772,4.351797779201484
qlloyd_mean,9,5.0,0.5625731262303604,4.555328228017826
qlloyd_mean,10,7.0,0.5625478349356028,4.331707408501915
agglo_average,10,5.0,0.5624193312730774,10.017629057956693
agglo_average,6,4.0,0.5623955220465124,7.364525584311995
agglo_average,7,2.5,0.5622534045937071,9.246081001852698
qlloyd_mean,9,8.0,0.5622429301769126,4.245960588172055
agglo_average,7,2.0,0.5622373981857245,6.334724712616473
qlloyd_medoid,12,4.0,0.5621697009627018,10.685315451854429
qlloyd_medoid,9,2.5,0.5621682634530595,8.118692626421801
agglo_average,9,8.0,0.562122798050634,9.570731450524217
agglo_average,10,1.5,0.5621116811163177,17.78553800685011
qlloyd_medoid,11,3.0,0.5620806333878315,7.6086594449539895
qlloyd_medoid,8,2.25,0.5619561540140573,6.204112027678866
qlloyd_medoid,8,6.0,0.5619354161801025,4.967161796574469
qlloyd_medoid,10,3.0,0.5616712682334342,8.82187212361309
agglo_average,6,3.0,0.5616575009306438,7.073553256598989
qlloyd_mean,11,8.0,0.561642496429975,2.9391167407087595
qlloyd_medoid,7,2.5,0.5616331126092455,9.91503832437007
agglo_average,11,7.0,0.5616167972335074,6.865032559398473
qlloyd_mean,4,7.0,0.5615690843139209,1.8978597837751003
qlloyd_mean,12,8.0,0.5615075570391642,2.5639309159067603
qlloyd_mean,8,7.0,0.5615038670569725,1.9194826632843363
qlloyd_mean,12,7.0,0.5614676761181403,2.6125709807213964
qlloyd_medoid,12,3.0,0.5614243441913459,8.683574944262546
qlloyd_mean,8,8.0,0.5613981617790256,1.851932886098977
qlloyd_mean,4,8.0,0.5613963858806189,1.824507515356429
qlloyd_mean,4,6.0,0.5613830504470954,1.9235092767090307
qlloyd_mean,8,6.0,0.5613672603040373,1.9313694456181507
qlloyd_mean,10,8.0,0.5613423918982962,5.295439310549906
agglo_average,8,8.0,0.5612421977001988,9.657621601979375
agglo_average,6,2.25,0.5610514021087591,5.754122460179608
agglo_average,8,4.0,0.5608844264010001,6.073265585170999
qlloyd_mean,8,5.0,0.5608178769485761,1.790150040516088
qlloyd_mean,10,5.0,0.5606707558587176,3.794610657763805
agglo_average,8,6.0,0.5606483333323533,7.301000995238179
qlloyd_medoid,7,6.0,0.5605928251725556,6.196874343723603
qlloyd_medoid,9,2.25,0.5605670522930617,9.349665805530236
qlloyd_medoid,11,5.0,0.5605350358958634,9.174612225210181
qlloyd_medoid,8,4.0,0.5603920487285908,13.344725057700675
agglo_average,9,4.0,0.560390792842921,5.4290707169864625
qlloyd_medoid,8,5.0,0.5603479351054002,9.552626960264385
agglo_average,8,1.75,0.5602392323518268,19.286447260130608
agglo_average,6,6.0,0.560092020086679,6.700226835715156
qlloyd_medoid,10,4.0,0.5600727818700545,19.757814600408842
qlloyd_medoid,10,1.75,0.5600224490495174,7.9402006251172565
agglo_average,9,1.5,0.5599707463972372,16.86357471269505
agglo_average,10,8.0,0.5599255960884771,8.668724047939484
qlloyd_mean,8,4.0,0.5598739428588169,1.0539910063786417
agglo_average,5,4.0,0.5597765965101779,4.300821940318746
qlloyd_medoid,7,2.25,0.559757695737834,8.388026462707108
agglo_average,6,5.0,0.5597147505893514,4.303995795389674
qlloyd_medoid,10,6.0,0.5595985111543507,7.942263330850115
qlloyd_mean,11,6.0,0.5595316341200184,5.97746453757796
agglo_average,10,7.0,0.5595219522055911,6.407877522522362
agglo_average,7,8.0,0.5594253966676742,4.816600101084988
qlloyd_medoid,12,6.0,0.5593382388767242,21.450974542042914
qlloyd_medoid,11,4.0,0.5592000065080613,9.349867841356279
agglo_average,5,6.0,0.5591710218983151,3.021994815399466
agglo_average,6,2.5,0.5591112649678388,25.803811763466594
agglo_average,11,8.0,0.5590694776295718,12.565155584350096
agglo_average,7,4.0,0.559006986732789,6.343612428220048
agglo_average,4,4.0,0.5589290207455079,2.8560291747962783
qlloyd_medoid,10,5.0,0.5587909455394288,7.194418078066514
qlloyd_medoid,7,5.0,0.5587751548575897,7.060641075466957
agglo_average,5,3.0,0.5587498533572339,8.499825626556577
agglo_average,8,1.5,0.5586348274953837,11.107723824010801
agglo_average,5,8.0,0.5585657703442735,3.158428583062956
agglo_average,5,5.0,0.5585427040213196,4.103231845760254
agglo_average,7,7.0,0.5585018662873921,6.140149763406693
agglo_average,12,8.0,0.5584982486773555,12.308366471991981
qlloyd_mean,10,4.0,0.5584818722059585,2.4292915390956313
qlloyd_medoid,9,5.0,0.558421733047328,6.151184050093649
qlloyd_medoid,7,7.0,0.5583289530706697,6.881603135346323
qlloyd_mean,11,4.0,0.5582298100766246,5.151032202275763
agglo_average,7,6.0,0.558199176373058,6.406958314502021
agglo_average,6,8.0,0.5581008561210152,3.6793639844292545
qlloyd_medoid,11,6.0,0.558038428367179,14.10327474320311
qlloyd_medoid,9,4.0,0.5579128752102556,10.085082931623424
qlloyd_medoid,12,5.0,0.5578600558700363,8.003242249181257
qlloyd_medoid,8,2.0,0.557838483376873,9.76884154674913
qlloyd_medoid,9,1.75,0.5577292160636921,6.846848889872498
qlloyd_medoid,12,8.0,0.5576873295362385,12.704501862767541
agglo_average,7,1.75,0.5576867932536733,6.893956187562431
qlloyd_mean,8,3.0,0.5576270709318091,1.8816202284538825
qlloyd_mean,10,3.0,0.5576254913634909,5.287185452001303
agglo_average,4,7.0,0.5575965015749744,2.558108644789111
agglo_average,6,2.0,0.5574686610108234,6.7069878618271375
agglo_average,4,5.0,0.5573195547805189,3.7966090453087062
qlloyd_medoid,10,7.0,0.5573110535906006,11.978814171263721
qlloyd_medoid,9,3.0,0.5572499258391258,7.544183681646645
qlloyd_medoid,7,8.0,0.5572215237170807,5.712034834176724
qlloyd_mean,12,6.0,0.5571518068992223,4.032054328159426
agglo_average,4,6.0,0.5571380106598324,2.3645074145842964
qlloyd_medoid,6,7.0,0.5571274048745016,5.658690695062808
agglo_average,7,1.5,0.5571062837014279,8.738667977039416
qlloyd_medoid,10,8.0,0.5570055057433532,8.150036071320962
qlloyd_medoid,6,2.25,0.5569724824283955,9.219742188764307
qlloyd_medoid,5,7.0,0.556972143533135,3.7665638888759005
qlloyd_medoid,11,7.0,0.556752354577388,14.12054377850089
agglo_average,6,7.0,0.5567413014327265,6.477368059685465
agglo_average,4,3.0,0.5567346088050545,8.271011047566345
agglo_average,12,1.25,0.5567087927213459,16.801982305219223
agglo_average,8,7.0,0.5567086057999918,5.95936112343159
qlloyd_medoid,6,6.0,0.5566531253459164,7.76950782513551
qlloyd_medoid,11,1.5,0.5565107675927947,18.595694363332676
agglo_average,5,2.5,0.556509386147743,30.221389827937664
qlloyd_medoid,8,8.0,0.5564311567418032,9.140755822387355
qlloyd_medoid,9,2.0,0.5563767989613873,6.813219634750069
qlloyd_medoid,6,8.0,0.5563606848484759,5.829787928351194
qlloyd_medoid,12,1.5,0.5563378952417063,22.037324811433127
qlloyd_medoid,8,7.0,0.5562923729286235,26.156040651490073
qlloyd_mean,11,3.0,0.556233171124234,6.1295105302446125
qlloyd_mean,10,2.5,0.5561939925956652,2.145114090986653
qlloyd_medoid,7,2.0,0.5560639940931137,4.960282345595348
agglo_average,6,1.75,0.5558838254837015,5.92794823482658
qlloyd_mean,4,5.0,0.5558010256354048,2.1826885795310345
agglo_average,4,8.0,0.5557997867030767,2.271556225323872
agglo_average,5,2.25,0.5557734776305177,5.963653436280814
qlloyd_mean,9,3.0,0.5556839434509302,7.889706789257776
qlloyd_medoid,5,6.0,0.5556527015978975,4.821790818990761
qlloyd_medoid,6,4.0,0.5555527892542264,5.802603724410285
agglo_average,11,1.25,0.5553349490141486,13.454272971675305
qlloyd_mean,5,8.0,0.5552926840663897,2.3689823950199322
qlloyd_medoid,4,8.0,0.5552180941182748,1.9397258750410922
qlloyd_mean,9,4.0,0.5552020972842908,2.7649356310014097
qlloyd_medoid,7,1.75,0.5551527834367005,7.810951658709112
qlloyd_mean,10,6.0,0.5550523296105522,6.205790055949319
qlloyd_medoid,10,1.5,0.5550112124018934,16.719302766343166
qlloyd_mean,10,2.25,0.5549260413791535,2.7694345852442876
agglo_average,10,1.25,0.5549076249638258,13.101475023322246
qlloyd_medoid,11,8.0,0.5548436715257892,10.62797698461257
agglo_average,9,7.0,0.5548013039717612,6.848228307039782
agglo_average,5,2.0,0.5547504603972286,6.71427928751187
qlloyd_medoid,4,7.0,0.5545763294062639,1.8567972757510385
qlloyd_medoid,6,2.0,0.5544606869624104,11.430218026011682
qlloyd_medoid,4,6.0,0.5544540990569813,1.809548501929959
qlloyd_medoid,11,1.25,0.5544363644440955,18.028631052381364
qlloyd_medoid,5,4.0,0.5543863885155966,7.881595653723074
agglo_average,5,1.75,0.5543723255738805,6.082613793333774
qlloyd_mean,12,3.0,0.554305874593586,2.6141277291674854
qlloyd_mean,5,7.0,0.5542945410025597,2.4919338579190646
agglo_average,5,7.0,0.5542837599080848,4.170005124036253
qlloyd_mean,9,2.5,0.5542165063990004,2.2668615658965185
qlloyd_medoid,5,2.25,0.5541968081520301,8.450182247062287
qlloyd_medoid,6,3.0,0.554154113273162,7.957299506841554
qlloyd_medoid,6,5.0,0.5541358590401886,8.828449504180517
qlloyd_medoid,4,5.0,0.5540906020967663,4.661970517764718
qlloyd_mean,7,6.0,0.5540850905848803,1.925939105335851
qlloyd_mean,7,4.0,0.5540792453143106,6.485811809478558
qlloyd_medoid,9,6.0,0.5539381810236529,8.261852193422248
qlloyd_mean,11,2.5,0.5538841754448453,3.8414497459210972
qlloyd_mean,5,6.0,0.5538826581091013,2.5037465431429937
qlloyd_medoid,12,1.25,0.5538579956605445,11.575913790583632
qlloyd_medoid,9,1.5,0.5538573369216871,11.056773700347748
qlloyd_medoid,5,5.0,0.55383880076029,9.982550610999642
qlloyd_mean,7,7.0,0.5536947163087262,2.4882650211521447
qlloyd_mean,7,8.0,0.5536097723733552,2.4697658771064206
agglo_average,9,1.25,0.5535013299450012,16.091556095859797
agglo_average,4,2.5,0.5534767679154506,6.285933186053269
qlloyd_medoid,5,3.0,0.5534766134173139,6.000253730885787
qlloyd_mean,7,5.0,0.5533896772130502,1.8656385145928025
agglo_average,6,1.5,0.5533657013147397,25.023193018373608
qlloyd_medoid,8,1.75,0.5532959054004746,33.00620203456836
agglo_average,4,2.0,0.5532589466742757,3.637553197175521
qlloyd_medoid,10,1.25,0.5531911208799043,14.396424659527344
qlloyd_mean,11,2.25,0.5531422132639395,9.508887595535793
qlloyd_mean,5,5.0,0.553089998230934,2.482709772209314
agglo_average,8,1.25,0.5530581987022257,11.210524766258597
qlloyd_mean,4,4.0,0.5530275232387989,4.118802284766093
agglo_average,4,2.25,0.5530102879091457,4.532984717797586
agglo_average,7,1.25,0.5528260358364891,11.15082798471353
qlloyd_medoid,5,8.0,0.5527866749698115,3.6981022473453526
qlloyd_medoid,6,2.5,0.5527316518959065,5.270489147468776
qlloyd_medoid,6,1.75,0.5525144328180025,5.863974816198012
qlloyd_mean,10,2.0,0.5524419647062451,6.363590196703724
qlloyd_mean,9,2.25,0.5523908673327618,2.711085220381778
qlloyd_medoid,9,7.0,0.5523209143404949,6.23200436563533
qlloyd_medoid,5,2.5,0.5523100071525545,5.7824124567994115
qlloyd_medoid,4,4.0,0.5520388492735696,2.2357699398988564
qlloyd_mean,8,2.5,0.5519378658694332,2.9806682091267915
qlloyd_mean,4,3.0,0.5516305796370039,4.673244614482658
agglo_average,5,1.5,0.5513749123116275,41.314399993259734
qlloyd_medoid,12,7.0,0.5513575049862118,17.011331966203045
qlloyd_mean,12,2.5,0.5513446157480092,2.5091995694866056
qlloyd_mean,5,4.0,0.5513444004010517,2.4136268317871594
qlloyd_medoid,9,8.0,0.5512985264795536,7.1144234056615705
qlloyd_medoid,7,3.0,0.5512907440013848,10.904455952079312
qlloyd_mean,11,2.0,0.5510573889426249,5.235970218155051
qlloyd_medoid,9,1.25,0.5509642305826419,17.804136249381216
qlloyd_mean,7,2.5,0.5509554439114501,3.116525087464481
qlloyd_medoid,8,1.5,0.5509376576774607,22.402459699622753
qlloyd_mean,8,2.25,0.5509254493383153,2.7079835525951146
qlloyd_mean,10,1.75,0.5508277239663837,5.551565530040557
qlloyd_medoid,6,1.5,0.5507169859695921,9.039735173771941
qlloyd_mean,4,2.5,0.5504789471150946,3.380878058663532
agglo_average,4,1.75,0.5504076935223883,5.899648703012715
qlloyd_medoid,4,3.0,0.5503439730216937,7.029304510445271
qlloyd_mean,7,2.25,0.5501674743370398,3.372489126443343
qlloyd_medoid,5,2.0,0.5501183136774983,6.999933011100788
qlloyd_mean,7,3.0,0.5499004655962418,2.415154961556404
qlloyd_mean,9,2.0,0.5498941038688892,3.734546722107269
qlloyd_mean,8,2.0,0.5498031669915238,2.471293787478046
qlloyd_medoid,7,1.25,0.5496821391205199,19.56385273275484
agglo_average,6,1.25,0.549660252130851,13.222923808148517
qlloyd_medoid,8,1.25,0.5496444474759223,17.489145096749613
qlloyd_mean,4,2.25,0.5495751568105803,3.5726429520005514
agglo_average,4,1.5,0.5495345532013421,10.192286896061141
qlloyd_mean,11,1.75,0.5493728083212168,4.400147835473739
qlloyd_medoid,7,1.5,0.549025853371772,11.763513907512172
qlloyd_mean,5,3.0,0.5488943246339949,2.8836833429083337
qlloyd_medoid,12,0.5,0.5488909602303131,16.277116236147755
qlloyd_medoid,12,1.0,0.5488909602303131,16.277116236147755
qlloyd_medoid,12,0.75,0.5488909412743856,16.27714164271735
qlloyd_mean,12,2.25,0.5488825328216722,2.1018359637350907
qlloyd_medoid,5,1.75,0.5487245228654596,5.22784645746713
qlloyd_mean,4,2.0,0.5485515381116576,5.571987539005131
agglo_average,5,1.25,0.548507931902186,13.886707782820825
qlloyd_medoid,4,2.5,0.5482880513427112,24.408184300978736
qlloyd_mean,8,1.75,0.5482246903205197,2.40017314399894
agglo_average,12,0.5,0.5482104729196119,15.27247646686507
agglo_average,12,1.0,0.5482104729196119,15.27247646686507
agglo_average,12,0.75,0.5482104580784856,15.272509756917552
qlloyd_mean,12,2.0,0.5481756774776443,1.6466740527792687
qlloyd_medoid,6,1.25,0.5481255315283252,13.634167987236408
qlloyd_medoid,10,0.5,0.5480286058172674,20.65066668094526
qlloyd_medoid,10,1.0,0.5480286058172674,20.65066668094526
qlloyd_medoid,10,0.75,0.5480285897348329,20.65073620314906
qlloyd_medoid,11,0.5,0.5479179985639738,16.445827450742538
qlloyd_medoid,11,1.0,0.5479179985639738,16.445827450742538
qlloyd_medoid,11,0.75,0.5479179842833456,16.445939596560002
qlloyd_medoid,4,2.25,0.5478670727853809,6.432034191350627
qlloyd_mean,5,2.5,0.5477668102895219,1.737267918089809
qlloyd_mean,10,1.25,0.5477555228552289,11.677942456238283
qlloyd_medoid,4,2.0,0.5477448806346704,3.9206114814292596
qlloyd_mean,5,2.25,0.5475074467107678,2.9281119216383567
qlloyd_mean,11,1.5,0.5473522458970069,5.267989105700694
qlloyd_mean,7,2.0,0.5473099424458465,2.9234195374099614
agglo_average,11,0.5,0.5472459470602687,15.054893058608798
agglo_average,11,1.0,0.5472459470602687,15.054893058608798
agglo_average,11,0.75,0.547245941119299,15.054927171645932
agglo_average,9,0.5,0.5471936956571003,16.625651169371253
agglo_average,9,1.0,0.5471936956571003,16.625651169371253
agglo_average,9,0.75,0.5471936896867544,16.625691860928608
qlloyd_mean,4,1.75,0.5471659252576664,5.898440667724397
agglo_average,4,1.25,0.5471369872890812,10.722524633040983
agglo_average,10,0.5,0.5470244327425776,16.016120487987674
agglo_average,10,1.0,0.5470244327425776,16.016120487987674
agglo_average,10,0.75,0.5470244267772659,16.016155977703583
qlloyd_mean,9,1.5,0.5469502528354486,3.278663882043965
qlloyd_mean,10,1.5,0.5468006408473256,4.9546488916930445
qlloyd_medoid,9,0.5,0.5467760958753056,48.552114315651735
qlloyd_medoid,9,1.0,0.5467760958753056,48.552114315651735
qlloyd_medoid,9,0.75,0.5467760846725075,48.55278945769245
qlloyd_medoid,5,1.5,0.5466141487738387,8.053534170986563
qlloyd_mean,8,1.5,0.5465569674013971,2.9094642577925143
qlloyd_mean,11,1.25,0.5464513390617706,3.4627388511228907
qlloyd_medoid,8,0.5,0.5463363970925079,39.64702001192154
qlloyd_medoid,8,1.0,0.5463363970925079,39.64702001192154
qlloyd_medoid,8,0.75,0.5463363881882,39.64680304276472
agglo_average,8,0.5,0.546222152791161,28.702580405991423
agglo_average,8,1.0,0.546222152791161,28.702580405991423
agglo_average,8,0.75,0.5462221458927862,28.702729220606663
agglo_average,7,0.5,0.5460849034977157,32.28642863312153
agglo_average,7,1.0,0.5460849034977157,32.28642863312153
agglo_average,7,0.75,0.5460848967827172,32.286600375918816
qlloyd_medoid,5,1.25,0.545941410947475,10.267321983047486
qlloyd_medoid,4,1.75,0.545705719313121,4.743071278278868
qlloyd_mean,9,1.25,0.5455681200041474,6.601858327222546
qlloyd_medoid,7,0.5,0.5454095954021161,23.685616662375143
qlloyd_medoid,7,1.0,0.5454095954021161,23.685616662375143
qlloyd_medoid,7,0.75,0.5454095871995888,23.685774072513844
qlloyd_mean,7,1.75,0.5450474941584563,2.8534050885173756
qlloyd_mean,9,1.75,0.5447808308070774,4.004004014145777
qlloyd_medoid,6,0.5,0.5447549611374333,27.982600989559288
qlloyd_medoid,6,1.0,0.5447549611374333,27.982600989559288
qlloyd_medoid,6,0.75,0.5447549533854984,27.98275534063519
qlloyd_mean,7,1.5,0.5447209545412997,3.380672425412697
agglo_average,6,0.5,0.5446328097317618,22.907766596892582
agglo_average,6,1.0,0.5446328097317618,22.907766596892582
agglo_average,6,0.75,0.54463280492245,22.907792685044342
agglo_average,5,0.5,0.5442132578460845,19.559424516008942
agglo_average,5,1.0,0.5442132578460845,19.559424516008942
agglo_average,5,0.75,0.5442132528348889,19.55942510125967
qlloyd_mean,4,1.5,0.5440889620202916,1.8000122094327502
qlloyd_mean,10,0.5,0.5439247080974317,4.230801793873054
qlloyd_mean,10,1.0,0.5439247080974317,4.230801793873054
qlloyd_mean,10,0.75,0.5439247063150535,4.2308027850291605
qlloyd_medoid,4,1.25,0.543704271116237,3.7338207547562594
qlloyd_medoid,4,1.5,0.5436869667299342,4.847530606670127
qlloyd_mean,5,2.0,0.5436864757144908,0.9495163051692036
qlloyd_mean,11,0.5,0.5431560218767895,4.832736502582608
qlloyd_mean,11,1.0,0.5431560218767895,4.832736502582608
qlloyd_mean,11,0.75,0.5431560205746875,4.832737943133346
qlloyd_medoid,5,0.5,0.5430638794315814,12.77469860083261
qlloyd_medoid,5,1.0,0.5430638794315814,12.77469860083261
qlloyd_medoid,5,0.75,0.5430638719219893,12.774747215632242
agglo_average,4,0.5,0.5430081298927979,8.184851706076019
agglo_average,4,1.0,0.5430081298927979,8.184851706076019
agglo_average,4,0.75,0.543008126180288,8.184851906353991
qlloyd_mean,8,1.25,0.5427069836999447,11.416205186319866
qlloyd_mean,7,1.25,0.5424406488035144,6.477535924856308
qlloyd_mean,4,1.25,0.5417318000900173,2.8870744599932405
qlloyd_medoid,4,0.5,0.5414493611489746,5.534602094303746
qlloyd_medoid,4,1.0,0.5414493611489746,5.534602094303746
qlloyd_medoid,4,0.75,0.541449355915779,5.534603732720593
qlloyd_mean,9,0.5,0.5403883223053014,51.427930073447556
qlloyd_mean,9,1.0,0.5403883223053014,51.427930073447556
qlloyd_mean,9,0.75,0.5403883208969184,51.4281269717031
qlloyd_mean,8,0.5,0.540177422821924,12.267367283963637
qlloyd_mean,8,1.0,0.540177422821924,12.267367283963637
qlloyd_mean,8,0.75,0.5401774189642535,12.267390306487378
qlloyd_mean,7,0.5,0.5398291028266246,12.45083025439159
qlloyd_mean,7,1.0,0.5398291028266246,12.45083025439159
qlloyd_mean,7,0.75,0.5398291012135137,12.450879486780629
qlloyd_mean,4,0.5,0.5394160313903029,1.3199743546139207
qlloyd_mean,4,1.0,0.5394160313903029,1.3199743546139207
qlloyd_mean,4,0.75,0.5394160300452588,1.3199738337243525
qlloyd_mean,12,4.0,0.5392226996076246,2.990689739310611
qlloyd_mean,12,5.0,0.5372311095843284,4.049692357988923
vqe_adiabatic,5,0.5,-0.5031596833317435,1.1535037914973563
