iteration,error,relative_error,iter_time,nnls_time,qubo_build_time,annealing_time,postprocess_time,cumulative_time,method,data_source,matrix_size,rank,seed
1,2.0383465890949934e-15,1.316655174361487e-16,0.007636166992597282,0.0001307500060647726,0.00011933071073144674,0.007350538740865886,1.3374025002121925e-05,0.007636166992597282,NBMF_SA,synthetic,20x20,2,42
2,2.0383465890949934e-15,1.316655174361487e-16,0.0068142920499667525,0.00010191707406193018,8.395593613386154e-05,0.006600334192626178,1.0204734280705452e-05,0.014450459042564034,NBMF_SA,synthetic,20x20,2,42
3,2.0383465890949934e-15,1.316655174361487e-16,0.006136917043477297,0.00010191695764660835,7.491314318031073e-05,0.005932996864430606,8.625793270766735e-06,0.02058737608604133,NBMF_SA,synthetic,20x20,2,42
4,2.0383465890949934e-15,1.316655174361487e-16,0.006781000061891973,8.95840348675847e-05,8.345907554030418e-05,0.006583916139788926,9.749899618327618e-06,0.027368376147933304,NBMF_SA,synthetic,20x20,2,42
5,2.0383465890949934e-15,1.316655174361487e-16,0.006682458100840449,9.554100688546896e-05,7.92074715718627e-05,0.00648587301839143,8.998438715934753e-06,0.034050834248773754,NBMF_SA,synthetic,20x20,2,42
6,2.0383465890949934e-15,1.316655174361487e-16,0.006396000040695071,9.124993812292814e-05,7.766520138829947e-05,0.006204625708051026,9.417766705155373e-06,0.040446834289468825,NBMF_SA,synthetic,20x20,2,42
7,2.0383465890949934e-15,1.316655174361487e-16,0.006293458049185574,9.358406532555819e-05,7.770920637995005e-05,0.0061009160708636045,9.084935300052166e-06,0.0467402923386544,NBMF_SA,synthetic,20x20,2,42
8,2.0383465890949934e-15,1.316655174361487e-16,0.006293916958384216,8.962501306086779e-05,7.446296513080597e-05,0.006108957575634122,8.958159014582634e-06,0.053034209297038615,NBMF_SA,synthetic,20x20,2,42
9,2.0383465890949934e-15,1.316655174361487e-16,0.006492499960586429,8.958298712968826e-05,8.6628133431077e-05,0.006290085962973535,1.120823435485363e-05,0.05952670925762504,NBMF_SA,synthetic,20x20,2,42
10,2.0383465890949934e-15,1.316655174361487e-16,0.0065455419244244695,9.458395652472973e-05,7.825018838047981e-05,0.006351247197017074,9.251059964299202e-06,0.06607225118204951,NBMF_SA,synthetic,20x20,2,42
11,2.0383465890949934e-15,1.316655174361487e-16,0.006341208936646581,9.049999061971903e-05,7.425015792250633e-05,0.006133498158305883,8.622067980468273e-06,0.0724134601186961,NBMF_SA,synthetic,20x20,2,42
12,2.0383465890949934e-15,1.316655174361487e-16,0.00609904108569026,0.00010437506716698408,7.208401802927256e-05,0.005902459844946861,8.6658401414752e-06,0.07851250120438635,NBMF_SA,synthetic,20x20,2,42
13,2.0383465890949934e-15,1.316655174361487e-16,0.006451457971706986,8.895900100469589e-05,7.56257213652134e-05,0.006265001138672233,8.957693353295326e-06,0.08496395917609334,NBMF_SA,synthetic,20x20,2,42
14,2.0383465890949934e-15,1.316655174361487e-16,0.006069499999284744,9.099999442696571e-05,7.166899740695953e-05,0.005886209080927074,8.54278914630413e-06,0.09103345917537808,NBMF_SA,synthetic,20x20,2,42
15,2.0383465890949934e-15,1.316655174361487e-16,0.006242500036023557,8.845794945955276e-05,7.258402183651924e-05,0.006061417981982231,8.416827768087387e-06,0.09727595921140164,NBMF_SA,synthetic,20x20,2,42
1,2.0383465890949934e-15,1.316655174361487e-16,0.013945540995337069,9.970797691494226e-05,8.116790559142828e-05,0.013739045825786889,9.75059811025858e-06,0.013945540995337069,NBMF_PathIntegral,synthetic,20x20,2,42
2,2.0383465890949934e-15,1.316655174361487e-16,0.0136024170788005,9.491702076047659e-05,8.508190512657166e-05,0.013400333118624985,9.456882253289223e-06,0.02754795807413757,NBMF_PathIntegral,synthetic,20x20,2,42
3,2.0383465890949934e-15,1.316655174361487e-16,0.013856500037945807,9.691703598946333e-05,7.920782081782818e-05,0.013655373128131032,8.874922059476376e-06,0.041404458112083375,NBMF_PathIntegral,synthetic,20x20,2,42
4,2.0383465890949934e-15,1.316655174361487e-16,0.013508792035281658,0.000213540974073112,7.575179915875196e-05,0.013197746011428535,8.499948307871819e-06,0.054913250147365034,NBMF_PathIntegral,synthetic,20x20,2,42
5,2.0383465890949934e-15,1.316655174361487e-16,0.014410082949325442,9.466696064919233e-05,9.254319593310356e-05,0.014195666997693479,1.1082855053246021e-05,0.06932333309669048,NBMF_PathIntegral,synthetic,20x20,2,42
6,2.0383465890949934e-15,1.316655174361487e-16,0.013882540981285274,9.858293924480677e-05,8.295825682580471e-05,0.01367541414219886,9.205075912177563e-06,0.08320587407797575,NBMF_PathIntegral,synthetic,20x20,2,42
7,2.0383465890949934e-15,1.316655174361487e-16,0.013489208067767322,0.00010237505193799734,7.854320574551821e-05,0.013286376721225679,9.000999853014946e-06,0.09669508214574307,NBMF_PathIntegral,synthetic,20x20,2,42
8,2.0383465890949934e-15,1.316655174361487e-16,0.013402832904830575,9.283307008445263e-05,7.428915705531836e-05,0.013215412967838347,8.499948307871819e-06,0.11009791505057365,NBMF_PathIntegral,synthetic,20x20,2,42
9,2.0383465890949934e-15,1.316655174361487e-16,0.013090249965898693,8.937495294958353e-05,7.233070209622383e-05,0.012908206088468432,8.369679562747478e-06,0.12318816501647234,NBMF_PathIntegral,synthetic,20x20,2,42
10,2.0383465890949934e-15,1.316655174361487e-16,0.013145667035132647,9.033293463289738e-05,7.320777513086796e-05,0.012962123029865324,8.585047908127308e-06,0.136333832051605,NBMF_PathIntegral,synthetic,20x20,2,42
11,2.0383465890949934e-15,1.316655174361487e-16,0.013318624929524958,8.949998300522566e-05,7.466727402061224e-05,0.013133707107044756,8.66735354065895e-06,0.14965245698112994,NBMF_PathIntegral,synthetic,20x20,2,42
12,2.0383465890949934e-15,1.316655174361487e-16,0.013139749993570149,8.987495675683022e-05,7.254316005855799e-05,0.012956495978869498,8.28912016004324e-06,0.1627922069747001,NBMF_PathIntegral,synthetic,20x20,2,42
13,2.0383465890949934e-15,1.316655174361487e-16,0.014472124981693923,9.062490426003933e-05,8.791475556790829e-05,0.014268166036345065,1.0497751645743847e-05,0.17726433195639402,NBMF_PathIntegral,synthetic,20x20,2,42
14,2.0383465890949934e-15,1.316655174361487e-16,0.013759708032011986,9.537499863654375e-05,8.158304262906313e-05,0.013558750972151756,8.705887012183666e-06,0.191024039988406,NBMF_PathIntegral,synthetic,20x20,2,42
15,2.0383465890949934e-15,1.316655174361487e-16,0.013811458018608391,9.64159844443202e-05,7.808173540979624e-05,0.013613413902930915,9.333831258118153e-06,0.2048354980070144,NBMF_PathIntegral,synthetic,20x20,2,42
1,2.0383465890949934e-15,1.316655174361487e-16,0.0019280830165371299,0.00010025000665336847,7.195898797363043e-05,0.0017353318398818374,8.331960998475552e-06,0.0019280830165371299,NBMF_Exact,synthetic,20x20,2,42
2,2.0383465890949934e-15,1.316655174361487e-16,0.0015268329298123717,9.270792361348867e-05,6.858177948743105e-05,0.0013469998957589269,7.664784789085388e-06,0.0034549159463495016,NBMF_Exact,synthetic,20x20,2,42
3,2.0383465890949934e-15,1.316655174361487e-16,0.001515874988399446,9.133294224739075e-05,6.712193135172129e-05,0.0013394997222349048,7.872004061937332e-06,0.004970790934748948,NBMF_Exact,synthetic,20x20,2,42
4,2.0383465890949934e-15,1.316655174361487e-16,0.0019102920778095722,9.020802099257708e-05,6.816769018769264e-05,0.0017313759308308363,8.123926818370819e-06,0.00688108301255852,NBMF_Exact,synthetic,20x20,2,42
5,2.0383465890949934e-15,1.316655174361487e-16,0.0015052909730002284,9.087496437132359e-05,6.820796988904476e-05,0.0013275428209453821,7.914146408438683e-06,0.008386373985558748,NBMF_Exact,synthetic,20x20,2,42
6,2.0383465890949934e-15,1.316655174361487e-16,0.001467042020522058,8.866691496223211e-05,6.583286449313164e-05,0.0012945388443768024,7.582246325910091e-06,0.009853416006080806,NBMF_Exact,synthetic,20x20,2,42
7,2.0383465890949934e-15,1.316655174361487e-16,0.0014554999070242047,8.695805445313454e-05,6.541342008858919e-05,0.0012863308656960726,7.206108421087265e-06,0.011308915913105011,NBMF_Exact,synthetic,20x20,2,42
8,2.0383465890949934e-15,1.316655174361487e-16,0.0016809160588309169,9.845907334238291e-05,6.616790778934956e-05,0.0014989151386544108,7.459078915417194e-06,0.012989831971935928,NBMF_Exact,synthetic,20x20,2,42
9,2.0383465890949934e-15,1.316655174361487e-16,0.0018363749841228127,8.720799814909697e-05,6.991706322878599e-05,0.001659708097577095,7.915194146335125e-06,0.01482620695605874,NBMF_Exact,synthetic,20x20,2,42
10,2.0383465890949934e-15,1.316655174361487e-16,0.0015869999770075083,0.00010029098484665155,6.691389717161655e-05,0.0014017908833920956,7.203780114650726e-06,0.01641320693306625,NBMF_Exact,synthetic,20x20,2,42
11,2.0383465890949934e-15,1.316655174361487e-16,0.0018004170851781964,9.408302139490843e-05,6.87082065269351e-05,0.0016192493494600058,7.707509212195873e-06,0.018213624018244445,NBMF_Exact,synthetic,20x20,2,42
12,2.0383465890949934e-15,1.316655174361487e-16,0.001617999980226159,9.004201274365187e-05,6.86693238094449e-05,0.001438997802324593,7.830909453332424e-06,0.019831623998470604,NBMF_Exact,synthetic,20x20,2,42
13,2.0383465890949934e-15,1.316655174361487e-16,0.001557250041514635,9.704206604510546e-05,6.6957320086658e-05,0.001375378924421966,7.503898814320564e-06,0.02138887403998524,NBMF_Exact,synthetic,20x20,2,42
14,2.0383465890949934e-15,1.316655174361487e-16,0.0014951670309528708,8.712499402463436e-05,6.570585537701845e-05,0.0013253698125481606,7.330090738832951e-06,0.02288404107093811,NBMF_Exact,synthetic,20x20,2,42
15,2.0383465890949934e-15,1.316655174361487e-16,0.0017078329110518098,8.612498641014099e-05,6.666500121355057e-05,0.0015374181093648076,7.958034984767437e-06,0.02459187398198992,NBMF_Exact,synthetic,20x20,2,42
1,8.177314743255232e-14,5.282077065152002e-15,0.0003984590293839574,,,,,0.0003984590293839574,Repo_ALS,synthetic,20x20,2,42
2,4.3560294100286394e-14,2.8137455588117045e-15,0.0003621659707278013,,,,,0.0007606250001117587,Repo_ALS,synthetic,20x20,2,42
3,1.299420996449981e-13,8.393515547370409e-15,0.00033720803912729025,,,,,0.001097833039239049,Repo_ALS,synthetic,20x20,2,42
4,1.3958919333736835e-13,9.01666255757778e-15,0.00033429195173084736,,,,,0.0014321249909698963,Repo_ALS,synthetic,20x20,2,42
5,1.8773619920103367e-13,1.2126683431336725e-14,0.00033145793713629246,,,,,0.0017635829281061888,Repo_ALS,synthetic,20x20,2,42
6,1.8303904735498362e-13,1.1823274319463888e-14,0.00032995897345244884,,,,,0.0020935419015586376,Repo_ALS,synthetic,20x20,2,42
7,1.7573872205264343e-13,1.1351715108911969e-14,0.0003409589407965541,,,,,0.0024345008423551917,Repo_ALS,synthetic,20x20,2,42
8,2.4045779435798715e-13,1.553219657789216e-14,0.0003495829878374934,,,,,0.002784083830192685,Repo_ALS,synthetic,20x20,2,42
9,3.425333300790656e-14,2.2125691668565152e-15,0.00033891608472913504,,,,,0.00312299991492182,Repo_ALS,synthetic,20x20,2,42
10,3.1750861646463405e-13,2.0509238468524002e-14,0.0003459579311311245,,,,,0.0034689578460529447,Repo_ALS,synthetic,20x20,2,42
11,2.4418786350647213e-13,1.5773137685324702e-14,0.0003523329505696893,,,,,0.003821290796622634,Repo_ALS,synthetic,20x20,2,42
12,1.8325876924728841e-13,1.1837467095509498e-14,0.0003495829878374934,,,,,0.004170873784460127,Repo_ALS,synthetic,20x20,2,42
13,1.751395284644845e-13,1.1313010634289526e-14,0.0004160829121246934,,,,,0.004586956696584821,Repo_ALS,synthetic,20x20,2,42
14,5.137504610864697e-14,3.3185337888019802e-15,0.0003542499616742134,,,,,0.004941206658259034,Repo_ALS,synthetic,20x20,2,42
15,3.0251605501370254e-13,1.9540804850958213e-14,0.00034733302891254425,,,,,0.005288539687171578,Repo_ALS,synthetic,20x20,2,42
1,7.47326447969485,0.48273009110442155,0.002572708996012807,,,,,0.002572708996012807,Repo_SGD,synthetic,20x20,2,42
2,6.4753337053951245,0.41826947755294147,0.0024224999360740185,,,,,0.004995208932086825,Repo_SGD,synthetic,20x20,2,42
3,5.7107656099463915,0.3688827567464846,0.002491125022061169,,,,,0.0074863339541479945,Repo_SGD,synthetic,20x20,2,42
4,5.1381087115832775,0.3318924003273459,0.002612291951663792,,,,,0.010098625905811787,Repo_SGD,synthetic,20x20,2,42
5,4.719419934316983,0.3048475028607424,0.002407125080935657,,,,,0.012505750986747444,Repo_SGD,synthetic,20x20,2,42
6,4.417029759734436,0.2853148291648055,0.0025462500052526593,,,,,0.015052000992000103,Repo_SGD,synthetic,20x20,2,42
7,4.204357216605318,0.2715774007091328,0.0025054169818758965,,,,,0.017557417973876,Repo_SGD,synthetic,20x20,2,42
8,4.054876287164877,0.26192178864251636,0.0024409580510109663,,,,,0.019998376024886966,Repo_SGD,synthetic,20x20,2,42
9,3.9513002674711175,0.2552313708794556,0.0024287080159410834,,,,,0.02242708404082805,Repo_SGD,synthetic,20x20,2,42
10,3.881430520966589,0.25071818535160295,0.002423709025606513,,,,,0.024850793066434562,Repo_SGD,synthetic,20x20,2,42
11,3.8325640264320375,0.2475616896297252,0.0023884170223027468,,,,,0.02723921008873731,Repo_SGD,synthetic,20x20,2,42
12,3.799405665029004,0.2454198493583886,0.002399332937784493,,,,,0.029638543026521802,Repo_SGD,synthetic,20x20,2,42
13,3.7769689425454014,0.24397056556574054,0.0025272079510614276,,,,,0.03216575097758323,Repo_SGD,synthetic,20x20,2,42
14,3.7612852491323614,0.24295748878106346,0.0024140418972820044,,,,,0.034579792874865234,Repo_SGD,synthetic,20x20,2,42
15,3.7509055165254233,0.24228701749229792,0.0023899999214336276,,,,,0.03696979279629886,Repo_SGD,synthetic,20x20,2,42
1,2.232616071049176e-15,1.576520594364175e-16,0.007147541968151927,9.56669682636857e-05,9.095703717321157e-05,0.006936206831596792,1.091277226805687e-05,0.007147541968151927,NBMF_SA,synthetic,20x20,2,43
2,2.232616071049176e-15,1.576520594364175e-16,0.006314166937954724,0.00011166592594236135,7.949909195303917e-05,0.006097662844695151,9.164796210825443e-06,0.01346170890610665,NBMF_SA,synthetic,20x20,2,43
3,2.232616071049176e-15,1.576520594364175e-16,0.006854208069853485,9.820796549320221e-05,9.020592551678419e-05,0.006640916923061013,1.1000782251358032e-05,0.020315916975960135,NBMF_SA,synthetic,20x20,2,43
4,2.232616071049176e-15,1.576520594364175e-16,0.0064283329993486404,0.00010199996177107096,7.649813778698444e-05,0.006224498385563493,8.831149898469448e-06,0.026744249975308776,NBMF_SA,synthetic,20x20,2,43
5,2.232616071049176e-15,1.576520594364175e-16,0.006245666998438537,0.00010133301839232445,7.38342059776187e-05,0.0060453339247033,1.0874820873141289e-05,0.03298991697374731,NBMF_SA,synthetic,20x20,2,43
6,2.232616071049176e-15,1.576520594364175e-16,0.006007166928611696,0.00010195793583989143,7.3040253482759e-05,0.005812039831653237,8.291914127767086e-06,0.03899708390235901,NBMF_SA,synthetic,20x20,2,43
7,2.232616071049176e-15,1.576520594364175e-16,0.006194459041580558,8.949998300522566e-05,7.192033808678389e-05,0.006012746947817504,8.748145774006844e-06,0.04519154294393957,NBMF_SA,synthetic,20x20,2,43
8,2.232616071049176e-15,1.576520594364175e-16,0.005938875023275614,8.941593114286661e-05,7.233396172523499e-05,0.005757291219197214,8.459086529910564e-06,0.05113041796721518,NBMF_SA,synthetic,20x20,2,43
9,2.232616071049176e-15,1.576520594364175e-16,0.0065966249676421285,8.849997539073229e-05,8.058198727667332e-05,0.006404458079487085,9.50181856751442e-06,0.05772704293485731,NBMF_SA,synthetic,20x20,2,43
10,2.232616071049176e-15,1.576520594364175e-16,0.006443749996833503,9.791692718863487e-05,8.645688649266958e-05,0.006233207182958722,9.501120075583458e-06,0.06417079293169081,NBMF_SA,synthetic,20x20,2,43
11,2.232616071049176e-15,1.576520594364175e-16,0.006161291967146099,0.00010145804844796658,7.595797069370747e-05,0.0059605424758046865,8.794828318059444e-06,0.07033208489883691,NBMF_SA,synthetic,20x20,2,43
12,2.232616071049176e-15,1.576520594364175e-16,0.0063743749633431435,9.666604455560446e-05,7.425027433782816e-05,0.0061812493950128555,8.582021109759808e-06,0.07670645986218005,NBMF_SA,synthetic,20x20,2,43
13,2.232616071049176e-15,1.576520594364175e-16,0.006333249970339239,9.283307008445263e-05,8.095905650407076e-05,0.0061349559109658,9.082606993615627e-06,0.08303970983251929,NBMF_SA,synthetic,20x20,2,43
14,2.232616071049176e-15,1.576520594364175e-16,0.006505582947283983,8.704198990017176e-05,7.475086022168398e-05,0.006318247993476689,8.66665504872799e-06,0.08954529277980328,NBMF_SA,synthetic,20x20,2,43
15,2.232616071049176e-15,1.576520594364175e-16,0.0061955408891662955,9.437499102205038e-05,7.49130267649889e-05,0.006005787174217403,8.831149898469448e-06,0.09574083366896957,NBMF_SA,synthetic,20x20,2,43
1,2.232616071049176e-15,1.576520594364175e-16,0.013974625035189092,0.00010829104576259851,7.883238140493631e-05,0.013764374190941453,9.204959496855736e-06,0.013974625035189092,NBMF_PathIntegral,synthetic,20x20,2,43
2,2.232616071049176e-15,1.576520594364175e-16,0.013930666958913207,9.820796549320221e-05,7.791898678988218e-05,0.013729003956541419,9.125913493335247e-06,0.0279052919941023,NBMF_PathIntegral,synthetic,20x20,2,43
3,2.232616071049176e-15,1.576520594364175e-16,0.013852332951501012,9.762495756149292e-05,8.741719648241997e-05,0.013644086197018623,9.375042282044888e-06,0.04175762494560331,NBMF_PathIntegral,synthetic,20x20,2,43
4,2.232616071049176e-15,1.576520594364175e-16,0.01339245808776468,9.258405771106482e-05,7.50020844861865e-05,0.01320170913822949,8.668866939842701e-06,0.05515008303336799,NBMF_PathIntegral,synthetic,20x20,2,43
5,2.232616071049176e-15,1.576520594364175e-16,0.013683791970834136,9.591702837496996e-05,7.46260629966855e-05,0.013491666177287698,8.99704173207283e-06,0.06883387500420213,NBMF_PathIntegral,synthetic,20x20,2,43
6,2.232616071049176e-15,1.576520594364175e-16,0.013245958019979298,9.120895992964506e-05,7.275049574673176e-05,0.013061623205430806,8.413451723754406e-06,0.08207983302418143,NBMF_PathIntegral,synthetic,20x20,2,43
7,2.232616071049176e-15,1.576520594364175e-16,0.013662916026078165,9.287497960031033e-05,7.187516894191504e-05,0.013478080392815173,8.208095096051693e-06,0.09574274905025959,NBMF_PathIntegral,synthetic,20x20,2,43
8,2.232616071049176e-15,1.576520594364175e-16,0.013829374918714166,8.841697126626968e-05,8.17886320874095e-05,0.013637453084811568,8.956994861364365e-06,0.10957212396897376,NBMF_PathIntegral,synthetic,20x20,2,43
9,2.232616071049176e-15,1.576520594364175e-16,0.013261375017464161,9.474996477365494e-05,7.112289313226938e-05,0.013076082104817033,8.249888196587563e-06,0.12283349898643792,NBMF_PathIntegral,synthetic,20x20,2,43
10,2.232616071049176e-15,1.576520594364175e-16,0.013853917014785111,8.683290798217058e-05,7.599988020956516e-05,0.013670039945282042,8.789007551968098e-06,0.13668741600122303,NBMF_PathIntegral,synthetic,20x20,2,43
11,2.232616071049176e-15,1.576520594364175e-16,0.013453083927743137,9.883299935609102e-05,7.179216481745243e-05,0.01326187199447304,8.829985745251179e-06,0.15014049992896616,NBMF_PathIntegral,synthetic,20x20,2,43
12,2.232616071049176e-15,1.576520594364175e-16,0.013238958083093166,9.087496437132359e-05,7.120659574866295e-05,0.01305699988733977,8.457107469439507e-06,0.16337945801205933,NBMF_PathIntegral,synthetic,20x20,2,43
13,2.232616071049176e-15,1.576520594364175e-16,0.013564666034653783,8.849997539073229e-05,7.408193778246641e-05,0.013377249939367175,8.584931492805481e-06,0.1769441240467131,NBMF_PathIntegral,synthetic,20x20,2,43
14,2.232616071049176e-15,1.576520594364175e-16,0.013066958053968847,8.925003930926323e-05,7.300276774913073e-05,0.01288370881229639,8.831964805722237e-06,0.19001108210068196,NBMF_PathIntegral,synthetic,20x20,2,43
15,2.232616071049176e-15,1.576520594364175e-16,0.013710792060010135,9.112502448260784e-05,7.391499821096659e-05,0.013523329049348831,8.749193511903286e-06,0.2037218741606921,NBMF_PathIntegral,synthetic,20x20,2,43
1,2.232616071049176e-15,1.576520594364175e-16,0.0017130840569734573,0.0001039999770000577,7.666856981813908e-05,0.0015121233882382512,8.204951882362366e-06,0.0017130840569734573,NBMF_Exact,synthetic,20x20,2,43
2,2.232616071049176e-15,1.576520594364175e-16,0.001618333044461906,0.00010308402124792337,6.874790415167809e-05,0.0014282931806519628,7.621827535331249e-06,0.0033314171014353633,NBMF_Exact,synthetic,20x20,2,43
3,2.232616071049176e-15,1.576520594364175e-16,0.0015508329961448908,8.962489664554596e-05,6.670819129794836e-05,0.0013766656629741192,7.706228643655777e-06,0.004882250097580254,NBMF_Exact,synthetic,20x20,2,43
4,2.232616071049176e-15,1.576520594364175e-16,0.0019130839500576258,8.991698268800974e-05,7.425283547490835e-05,0.001727291033603251,8.24767630547285e-06,0.00679533404763788,NBMF_Exact,synthetic,20x20,2,43
5,2.232616071049176e-15,1.576520594364175e-16,0.0017199169378727674,9.795802179723978e-05,7.299671415239573e-05,0.0015287521528080106,8.210074156522751e-06,0.008515250985510647,NBMF_Exact,synthetic,20x20,2,43
6,2.232616071049176e-15,1.576520594364175e-16,0.0019562500528991222,9.224994573742151e-05,8.282973431050777e-05,0.001754123019054532,9.912648238241673e-06,0.01047150103840977,NBMF_Exact,synthetic,20x20,2,43
7,2.232616071049176e-15,1.576520594364175e-16,0.002021457999944687,0.0001016249880194664,7.437460590153933e-05,0.0018218329641968012,8.455011993646622e-06,0.012492959038354456,NBMF_Exact,synthetic,20x20,2,43
8,2.232616071049176e-15,1.576520594364175e-16,0.0015065409243106842,9.674998000264168e-05,6.712169852107763e-05,0.0013242089189589024,7.290043868124485e-06,0.01399949996266514,NBMF_Exact,synthetic,20x20,2,43
9,2.232616071049176e-15,1.576520594364175e-16,0.0014703329652547836,8.679204620420933e-05,6.528978701680899e-05,0.0013008320238441229,7.2909751906991005e-06,0.015469832927919924,NBMF_Exact,synthetic,20x20,2,43
10,2.232616071049176e-15,1.576520594364175e-16,0.0016919170739129186,8.679204620420933e-05,6.479222793132067e-05,0.0015228311531245708,7.4980780482292175e-06,0.017161750001832843,NBMF_Exact,synthetic,20x20,2,43
11,2.232616071049176e-15,1.576520594364175e-16,0.0014441669918596745,8.625001646578312e-05,6.56649935990572e-05,0.0012749978341162205,7.539987564086914e-06,0.018605916993692517,NBMF_Exact,synthetic,20x20,2,43
12,2.232616071049176e-15,1.576520594364175e-16,0.0016058749752119184,8.612498641014099e-05,6.883288733661175e-05,0.0014292902778834105,7.66583252698183e-06,0.020211791968904436,NBMF_Exact,synthetic,20x20,2,43
13,2.232616071049176e-15,1.576520594364175e-16,0.0015254999743774533,9.341700933873653e-05,6.458396092057228e-05,0.0013494559098035097,7.454073056578636e-06,0.02173729194328189,NBMF_Exact,synthetic,20x20,2,43
14,2.232616071049176e-15,1.576520594364175e-16,0.0017407499253749847,8.633302059024572e-05,6.387103348970413e-05,0.0015731231542304158,7.288646884262562e-06,0.023478041868656874,NBMF_Exact,synthetic,20x20,2,43
15,2.232616071049176e-15,1.576520594364175e-16,0.0014487920561805367,8.529098704457283e-05,6.28340058028698e-05,0.0012833320070058107,7.49609898775816e-06,0.02492683392483741,NBMF_Exact,synthetic,20x20,2,43
1,1.2359193204889802e-14,8.727215964220021e-16,0.00037466699723154306,,,,,0.00037466699723154306,Repo_ALS,synthetic,20x20,2,43
2,1.1523048730584072e-14,8.136787990194318e-16,0.00033083301968872547,,,,,0.0007055000169202685,Repo_ALS,synthetic,20x20,2,43
3,4.411530042929717e-15,3.1151204434655277e-16,0.00032950006425380707,,,,,0.0010350000811740756,Repo_ALS,synthetic,20x20,2,43
4,6.686435550250171e-15,4.721502942019253e-16,0.0003262499812990427,,,,,0.0013612500624731183,Repo_ALS,synthetic,20x20,2,43
5,8.120842218741638e-15,5.734382712479481e-16,0.0003269169246777892,,,,,0.0016881669871509075,Repo_ALS,synthetic,20x20,2,43
6,6.749939003140712e-15,4.766344732147605e-16,0.0003940419992431998,,,,,0.0020822089863941073,Repo_ALS,synthetic,20x20,2,43
7,1.4562227738921157e-14,1.0282848102693243e-15,0.00033254094887524843,,,,,0.0024147499352693558,Repo_ALS,synthetic,20x20,2,43
8,4.85381952403968e-15,3.4274349899217077e-16,0.0003280419623479247,,,,,0.0027427918976172805,Repo_ALS,synthetic,20x20,2,43
9,3.828918265016722e-15,2.703719899364216e-16,0.00042949989438056946,,,,,0.00317229179199785,Repo_ALS,synthetic,20x20,2,43
10,4.016254629444848e-15,2.836004012348973e-16,0.00033608300145715475,,,,,0.0035083747934550047,Repo_ALS,synthetic,20x20,2,43
11,5.002934083722277e-15,3.5327294815754774e-16,0.0003375000087544322,,,,,0.003845874802209437,Repo_ALS,synthetic,20x20,2,43
12,1.204676116865714e-14,8.506597853543938e-16,0.00032783299684524536,,,,,0.004173707799054682,Repo_ALS,synthetic,20x20,2,43
13,1.0882126522000235e-14,7.684212612671858e-16,0.000333750038407743,,,,,0.004507457837462425,Repo_ALS,synthetic,20x20,2,43
14,7.643573729355573e-15,5.397368385513437e-16,0.0003267499851062894,,,,,0.004834207822568715,Repo_ALS,synthetic,20x20,2,43
15,5.622713793987227e-15,3.9703754744857533e-16,0.00042399996891617775,,,,,0.005258207791484892,Repo_ALS,synthetic,20x20,2,43
1,8.242708763138333,0.5820436521505007,0.0025874999118968844,,,,,0.0025874999118968844,Repo_SGD,synthetic,20x20,2,43
2,7.150147185672971,0.5048944347001523,0.0024345830315724015,,,,,0.005022082943469286,Repo_SGD,synthetic,20x20,2,43
3,6.314218566790265,0.44586687952951853,0.002406415995210409,,,,,0.007428498938679695,Repo_SGD,synthetic,20x20,2,43
4,5.698406817419628,0.40238247046683495,0.002452750108204782,,,,,0.009881249046884477,Repo_SGD,synthetic,20x20,2,43
5,5.244622599074468,0.37033933618614306,0.0024947079364210367,,,,,0.012375956983305514,Repo_SGD,synthetic,20x20,2,43
6,4.916237439060409,0.3471510247536963,0.002487374935299158,,,,,0.014863331918604672,Repo_SGD,synthetic,20x20,2,43
7,4.685326625397902,0.3308456842197433,0.002450999920256436,,,,,0.017314331838861108,Repo_SGD,synthetic,20x20,2,43
8,4.5244916916841245,0.3194886224937739,0.0024805000284686685,,,,,0.019794831867329776,Repo_SGD,synthetic,20x20,2,43
9,4.412714114510502,0.3115956553738366,0.002468167105689645,,,,,0.02226299897301942,Repo_SGD,synthetic,20x20,2,43
10,4.336127348153607,0.30618762235001884,0.002432832960039377,,,,,0.0246958319330588,Repo_SGD,synthetic,20x20,2,43
11,4.284516130160291,0.3025431915353448,0.0024221250787377357,,,,,0.027117957011796534,Repo_SGD,synthetic,20x20,2,43
12,4.248079263562516,0.2999702695121464,0.0024205419467762113,,,,,0.029538498958572745,Repo_SGD,synthetic,20x20,2,43
13,4.224289575933262,0.2982904046680585,0.0025248329620808363,,,,,0.03206333192065358,Repo_SGD,synthetic,20x20,2,43
14,4.20801174952823,0.297140976027291,0.002387833083048463,,,,,0.034451165003702044,Repo_SGD,synthetic,20x20,2,43
15,4.196934801622139,0.2963587978138893,0.0023927079746499658,,,,,0.03684387297835201,Repo_SGD,synthetic,20x20,2,43
1,3.164470373670993e-15,2.1868824419530422e-16,0.007316499948501587,0.00010012497659772635,8.937402162700891e-05,0.007103581679984927,1.0460149496793747e-05,0.007316499948501587,NBMF_SA,synthetic,20x20,2,44
2,3.164470373670993e-15,2.1868824419530422e-16,0.006979374913498759,9.324995335191488e-05,8.041493128985167e-05,0.006783459219150245,9.579816833138466e-06,0.014295874862000346,NBMF_SA,synthetic,20x20,2,44
3,3.164470373670993e-15,2.1868824419530422e-16,0.006047624978236854,9.091699030250311e-05,7.283000741153955e-05,0.005864331033080816,8.582137525081635e-06,0.0203434998402372,NBMF_SA,synthetic,20x20,2,44
4,3.164470373670993e-15,2.1868824419530422e-16,0.006890916032716632,8.850009180605412e-05,7.716834079474211e-05,0.006702787824906409,9.08400397747755e-06,0.027234415872953832,NBMF_SA,synthetic,20x20,2,44
5,3.164470373670993e-15,2.1868824419530422e-16,0.006616417085751891,0.00010183302219957113,8.291995618492365e-05,0.006409166031517088,9.915675036609173e-06,0.03385083295870572,NBMF_SA,synthetic,20x20,2,44
6,3.164470373670993e-15,2.1868824419530422e-16,0.0061374170472845435,9.262491948902607e-05,7.287482731044292e-05,0.005951498285867274,8.78889113664627e-06,0.03998825000599027,NBMF_SA,synthetic,20x20,2,44
7,3.164470373670993e-15,2.1868824419530422e-16,0.0063606249168515205,9.033398237079382e-05,7.295934483408928e-05,0.006177122821100056,8.460134267807007e-06,0.04634887492284179,NBMF_SA,synthetic,20x20,2,44
8,3.164470373670993e-15,2.1868824419530422e-16,0.006259332993067801,8.933292701840401e-05,7.487623952329159e-05,0.006074500153772533,8.707051165401936e-06,0.05260820791590959,NBMF_SA,synthetic,20x20,2,44
9,3.164470373670993e-15,2.1868824419530422e-16,0.006504249991849065,8.979195263236761e-05,7.345760241150856e-05,0.00631999911274761,8.497154340147972e-06,0.05911245790775865,NBMF_SA,synthetic,20x20,2,44
10,3.164470373670993e-15,2.1868824419530422e-16,0.006304625072516501,8.929206524044275e-05,7.533305324614048e-05,0.006118704215623438,8.374336175620556e-06,0.06541708298027515,NBMF_SA,synthetic,20x20,2,44
11,3.164470373670993e-15,2.1868824419530422e-16,0.0062506659887731075,9.162502828985453e-05,7.283512968569994e-05,0.006062878179363906,8.580624125897884e-06,0.07166774896904826,NBMF_SA,synthetic,20x20,2,44
12,3.164470373670993e-15,2.1868824419530422e-16,0.026018499978818,9.012501686811447e-05,9.5916329883039e-05,0.025800456875003874,1.237308606505394e-05,0.09768624894786626,NBMF_SA,synthetic,20x20,2,44
13,3.164470373670993e-15,2.1868824419530422e-16,0.006881791981868446,0.00010716693941503763,8.549925405532122e-05,0.006666292087174952,9.623006917536259e-06,0.1045680409297347,NBMF_SA,synthetic,20x20,2,44
14,3.164470373670993e-15,2.1868824419530422e-16,0.006336292019113898,9.708292782306671e-05,7.366726640611887e-05,0.006145000108517706,9.16491262614727e-06,0.1109043329488486,NBMF_SA,synthetic,20x20,2,44
15,3.164470373670993e-15,2.1868824419530422e-16,0.007147750002332032,8.983409497886896e-05,9.179010521620512e-05,0.0069415841717273,1.0415562428534031e-05,0.11805208295118064,NBMF_SA,synthetic,20x20,2,44
1,3.164470373670993e-15,2.1868824419530422e-16,0.01555250003002584,0.00010370800737291574,0.00011291925329715014,0.015292833792045712,2.350006252527237e-05,0.01555250003002584,NBMF_PathIntegral,synthetic,20x20,2,44
2,3.164470373670993e-15,2.1868824419530422e-16,0.014790749992243946,0.00011191598605364561,9.103689808398485e-05,0.01456304092425853,1.0583200491964817e-05,0.030343250022269785,NBMF_PathIntegral,synthetic,20x20,2,44
3,3.164470373670993e-15,2.1868824419530422e-16,0.014013709034770727,9.300000965595245e-05,8.246279321610928e-05,0.013809291296638548,9.083189070224762e-06,0.04435695905704051,NBMF_PathIntegral,synthetic,20x20,2,44
4,3.164470373670993e-15,2.1868824419530422e-16,0.014519667020067573,0.00010158296208828688,8.957996033132076e-05,0.014302537776529789,9.33394767343998e-06,0.058876626077108085,NBMF_PathIntegral,synthetic,20x20,2,44
5,3.164470373670993e-15,2.1868824419530422e-16,0.013668084051460028,9.425007738173008e-05,7.933180313557386e-05,0.013471040758304298,9.249895811080933e-06,0.07254471012856811,NBMF_PathIntegral,synthetic,20x20,2,44
6,3.164470373670993e-15,2.1868824419530422e-16,0.013483208022080362,0.00010066607501357794,7.783214095979929e-05,0.013279040344059467,8.958973921835423e-06,0.08602791815064847,NBMF_PathIntegral,synthetic,20x20,2,44
7,3.164470373670993e-15,2.1868824419530422e-16,0.013696457957848907,8.91250092536211e-05,7.737637497484684e-05,0.013508374220691621,8.872011676430702e-06,0.09972437610849738,NBMF_PathIntegral,synthetic,20x20,2,44
8,3.164470373670993e-15,2.1868824419530422e-16,0.013471459038555622,8.908298332244158e-05,7.529172580689192e-05,0.013282833737321198,8.83522443473339e-06,0.113195835147053,NBMF_PathIntegral,synthetic,20x20,2,44
9,3.164470373670993e-15,2.1868824419530422e-16,0.01398529193829745,9.662506636232138e-05,7.808185182511806e-05,0.013788459938950837,8.874805644154549e-06,0.12718112708535045,NBMF_PathIntegral,synthetic,20x20,2,44
10,3.164470373670993e-15,2.1868824419530422e-16,0.01397808303590864,9.220803622156382e-05,7.766694761812687e-05,0.013785666902549565,9.1231195256114e-06,0.1411592101212591,NBMF_PathIntegral,synthetic,20x20,2,44
11,3.164470373670993e-15,2.1868824419530422e-16,0.013824624940752983,9.691703598946333e-05,7.775076664984226e-05,0.013628667569719255,8.915201760828495e-06,0.15498383506201208,NBMF_PathIntegral,synthetic,20x20,2,44
12,3.164470373670993e-15,2.1868824419530422e-16,0.014114707941189408,9.28329536691308e-05,7.708126213401556e-05,0.013921250123530626,8.958973921835423e-06,0.16909854300320148,NBMF_PathIntegral,synthetic,20x20,2,44
13,3.164470373670993e-15,2.1868824419530422e-16,0.014347332995384932,0.00011312495917081833,8.487189188599586e-05,0.014126915019005537,9.623938240110874e-06,0.18344587599858642,NBMF_PathIntegral,synthetic,20x20,2,44
14,3.164470373670993e-15,2.1868824419530422e-16,0.013653417001478374,9.408302139490843e-05,7.653958164155483e-05,0.013460124027915299,8.625793270766735e-06,0.1970992930000648,NBMF_PathIntegral,synthetic,20x20,2,44
15,3.164470373670993e-15,2.1868824419530422e-16,0.01386887498665601,9.90839907899499e-05,8.108210749924183e-05,0.013666748185642064,8.582836017012596e-06,0.2109681679867208,NBMF_PathIntegral,synthetic,20x20,2,44
1,3.164470373670993e-15,2.1868824419530422e-16,0.001655082916840911,0.00010845798533409834,7.295690011233091e-05,0.0014537478564307094,8.039874956011772e-06,0.001655082916840911,NBMF_Exact,synthetic,20x20,2,44
2,3.164470373670993e-15,2.1868824419530422e-16,0.0015860829735174775,9.562494233250618e-05,7.170694880187511e-05,0.0014005396515130997,7.581780664622784e-06,0.0032411658903583884,NBMF_Exact,synthetic,20x20,2,44
3,3.164470373670993e-15,2.1868824419530422e-16,0.0019224589923396707,9.016692638397217e-05,7.091788575053215e-05,0.0017405833350494504,8.123926818370819e-06,0.005163624882698059,NBMF_Exact,synthetic,20x20,2,44
4,3.164470373670993e-15,2.1868824419530422e-16,0.0015333339106291533,9.391701314598322e-05,6.620772182941437e-05,0.0013526211259886622,8.080736733973026e-06,0.006696958793327212,NBMF_Exact,synthetic,20x20,2,44
5,3.164470373670993e-15,2.1868824419530422e-16,0.0017377499025315046,0.00012012501247227192,7.212627679109573e-05,0.0015244574751704931,8.207280188798904e-06,0.008434708695858717,NBMF_Exact,synthetic,20x20,2,44
6,3.164470373670993e-15,2.1868824419530422e-16,0.0019100840436294675,9.074993431568146e-05,8.270773105323315e-05,0.0017099168617278337,1.466704998165369e-05,0.010344792739488184,NBMF_Exact,synthetic,20x20,2,44
7,3.164470373670993e-15,2.1868824419530422e-16,0.0015499580185860395,9.333307389169931e-05,6.395706441253424e-05,0.001371293212287128,1.0830932296812534e-05,0.011894750758074224,NBMF_Exact,synthetic,20x20,2,44
8,3.164470373670993e-15,2.1868824419530422e-16,0.0015563750639557838,8.908298332244158e-05,6.737431976944208e-05,0.0013819547602906823,7.78969842940569e-06,0.013451125822030008,NBMF_Exact,synthetic,20x20,2,44
9,3.164470373670993e-15,2.1868824419530422e-16,0.0018117500003427267,8.949998300522566e-05,7.191940676420927e-05,0.0016322910087183118,7.664901204407215e-06,0.015262875822372735,NBMF_Exact,synthetic,20x20,2,44
10,3.164470373670993e-15,2.1868824419530422e-16,0.0015174159780144691,9.416707325726748e-05,7.545982953161001e-05,0.0013307500630617142,7.29213934391737e-06,0.016780291800387204,NBMF_Exact,synthetic,20x20,2,44
11,3.164470373670993e-15,2.1868824419530422e-16,0.0014259590534493327,8.520798292011023e-05,6.504077464342117e-05,0.001259080832824111,7.124734111130238e-06,0.018206250853836536,NBMF_Exact,synthetic,20x20,2,44
12,3.164470373670993e-15,2.1868824419530422e-16,0.0014239170122891665,8.525000885128975e-05,6.362493149936199e-05,0.0012585442746058106,6.958260200917721e-06,0.019630167866125703,NBMF_Exact,synthetic,20x20,2,44
13,3.164470373670993e-15,2.1868824419530422e-16,0.00166637497022748,8.55419784784317e-05,6.441958248615265e-05,0.0014989570481702685,7.37339723855257e-06,0.021296542836353183,NBMF_Exact,synthetic,20x20,2,44
14,3.164470373670993e-15,2.1868824419530422e-16,0.0015296669444069266,8.575001265853643e-05,7.849989924579859e-05,0.0013449169928207994,1.0791118256747723e-05,0.02282620978076011,NBMF_Exact,synthetic,20x20,2,44
15,3.164470373670993e-15,2.1868824419530422e-16,0.001479750033468008,8.566700853407383e-05,6.782799027860165e-05,0.001310038729570806,6.9140223786234856e-06,0.024305959814228117,NBMF_Exact,synthetic,20x20,2,44
1,3.652481102706625e-14,2.524133851759948e-15,0.00036691699642688036,,,,,0.00036691699642688036,Repo_ALS,synthetic,20x20,2,44
2,1.1846110481529355e-14,8.186536120873753e-16,0.00033420894760638475,,,,,0.0007011259440332651,Repo_ALS,synthetic,20x20,2,44
3,2.7179216948137302e-14,1.8782843670918093e-15,0.00033249997068196535,,,,,0.0010336259147152305,Repo_ALS,synthetic,20x20,2,44
4,2.1233640063978477e-14,1.4674011493682279e-15,0.0003290420863777399,,,,,0.0013626680010929704,Repo_ALS,synthetic,20x20,2,44
5,1.4139393829999556e-14,9.771364068994142e-16,0.0003293330082669854,,,,,0.0016920010093599558,Repo_ALS,synthetic,20x20,2,44
6,1.3822093777898514e-14,9.552086328698667e-16,0.0003298339433968067,,,,,0.0020218349527567625,Repo_ALS,synthetic,20x20,2,44
7,1.2331107556187136e-14,8.521704873216119e-16,0.0003285839920863509,,,,,0.0023504189448431134,Repo_ALS,synthetic,20x20,2,44
8,2.4354857311552008e-14,1.6831002835118431e-15,0.0003267499851062894,,,,,0.002677168929949403,Repo_ALS,synthetic,20x20,2,44
9,1.0911902111846497e-14,7.540929229501596e-16,0.00032716698478907347,,,,,0.0030043359147384763,Repo_ALS,synthetic,20x20,2,44
10,8.833863288653232e-15,6.104851124947789e-16,0.0003286669962108135,,,,,0.00333300291094929,Repo_ALS,synthetic,20x20,2,44
11,4.50688888460914e-14,3.1145926508237182e-15,0.00044283398892730474,,,,,0.0037758368998765945,Repo_ALS,synthetic,20x20,2,44
12,1.566003667698748e-14,1.0822240440038067e-15,0.0003592920256778598,,,,,0.004135128925554454,Repo_ALS,synthetic,20x20,2,44
13,1.7782844536641743e-14,1.2289257250984668e-15,0.00034604198299348354,,,,,0.004481170908547938,Repo_ALS,synthetic,20x20,2,44
14,1.7336145638538327e-14,1.1980555363544057e-15,0.0003414589446038008,,,,,0.004822629853151739,Repo_ALS,synthetic,20x20,2,44
15,1.9144442233393504e-14,1.3230221691923914e-15,0.0003854590468108654,,,,,0.005208088899962604,Repo_ALS,synthetic,20x20,2,44
1,7.712623986641777,0.5329992063792468,0.0026028340216726065,,,,,0.0026028340216726065,Repo_SGD,synthetic,20x20,2,44
2,6.682335985936468,0.46179870604769907,0.002570666023530066,,,,,0.0051735000452026725,Repo_SGD,synthetic,20x20,2,44
3,5.896017793122168,0.4074583189813159,0.0025797910057008266,,,,,0.007753291050903499,Repo_SGD,synthetic,20x20,2,44
4,5.310432306053551,0.36699004250169476,0.002614458091557026,,,,,0.010367749142460525,Repo_SGD,synthetic,20x20,2,44
5,4.877565518791023,0.3370757546434427,0.0025251669576391578,,,,,0.012892916100099683,Repo_SGD,synthetic,20x20,2,44
6,4.5660745759439445,0.31554943291177656,0.002519874949939549,,,,,0.015412791050039232,Repo_SGD,synthetic,20x20,2,44
7,4.345258638558044,0.30028942288322846,0.002509624930098653,,,,,0.017922415980137885,Repo_SGD,synthetic,20x20,2,44
8,4.191715822976289,0.28967848178302,0.0024690839927643538,,,,,0.02039149997290224,Repo_SGD,synthetic,20x20,2,44
9,4.084069462073299,0.28223932423686177,0.00241199997253716,,,,,0.0228034999454394,Repo_SGD,synthetic,20x20,2,44
10,4.0116501240406315,0.27723461380824804,0.0024080000584945083,,,,,0.025211500003933907,Repo_SGD,synthetic,20x20,2,44
11,3.9632773075858756,0.2738916953896438,0.0023898750077933073,,,,,0.027601375011727214,Repo_SGD,synthetic,20x20,2,44
12,3.9300562900522427,0.27159587803731267,0.0024853330105543137,,,,,0.030086708022281528,Repo_SGD,synthetic,20x20,2,44
13,3.9074383986747803,0.2700328149118395,0.0024242079816758633,,,,,0.03251091600395739,Repo_SGD,synthetic,20x20,2,44
14,3.891812710355139,0.2689529645926844,0.002432583016343415,,,,,0.034943499020300806,Repo_SGD,synthetic,20x20,2,44
15,3.8809540848568833,0.26820255347670574,0.002409416949376464,,,,,0.03735291596967727,Repo_SGD,synthetic,20x20,2,44
1,5.132347610756001e-15,2.0188819660483103e-16,0.010894375038333237,0.00015158404130488634,0.0001648311736062169,0.01055145577993244,1.170916948467493e-05,0.010894375038333237,NBMF_SA,synthetic,20x20,5,42
2,5.132347610756001e-15,2.0188819660483103e-16,0.010525249992497265,0.0001235830131918192,0.00017741590272635221,0.010200828895904124,1.0457239113748074e-05,0.021419625030830503,NBMF_SA,synthetic,20x20,5,42
3,5.132347610756001e-15,2.0188819660483103e-16,0.010095834033563733,0.00012470793444663286,0.0001450038980692625,0.00980433530639857,9.207753464579582e-06,0.031515459064394236,NBMF_SA,synthetic,20x20,5,42
4,5.132347610756001e-15,2.0188819660483103e-16,0.009721040958538651,0.00012037495616823435,0.00013425236102193594,0.00944150029681623,8.708913810551167e-06,0.04123650002293289,NBMF_SA,synthetic,20x20,5,42
5,5.132347610756001e-15,2.0188819660483103e-16,0.009829457965679467,0.00012308405712246895,0.00013808312360197306,0.0095454182010144,8.664093911647797e-06,0.051065957988612354,NBMF_SA,synthetic,20x20,5,42
6,5.132347610756001e-15,2.0188819660483103e-16,0.009953417000360787,0.00011945795267820358,0.0001451292773708701,0.009666625992394984,9.915907867252827e-06,0.06101937498897314,NBMF_SA,synthetic,20x20,5,42
7,5.132347610756001e-15,2.0188819660483103e-16,0.009591958951205015,0.00011629192158579826,0.00014408037532120943,0.00931112514808774,9.044422768056393e-06,0.07061133394017816,NBMF_SA,synthetic,20x20,5,42
8,5.132347610756001e-15,2.0188819660483103e-16,0.009894832968711853,0.00011320901103317738,0.00013203988783061504,0.009628038853406906,8.705654181540012e-06,0.08050616690889001,NBMF_SA,synthetic,20x20,5,42
9,5.132347610756001e-15,2.0188819660483103e-16,0.009557584067806602,0.00012154201976954937,0.00014316593296825886,0.00926587253343314,8.74977558851242e-06,0.09006375097669661,NBMF_SA,synthetic,20x20,5,42
10,5.132347610756001e-15,2.0188819660483103e-16,0.009472375037148595,0.00011712498962879181,0.00013699883129447699,0.009197831153869629,8.58306884765625e-06,0.0995361260138452,NBMF_SA,synthetic,20x20,5,42
11,5.132347610756001e-15,2.0188819660483103e-16,0.009725290932692587,0.00011733290739357471,0.00012995710130780935,0.00945670681539923,8.74791294336319e-06,0.10926141694653779,NBMF_SA,synthetic,20x20,5,42
12,5.132347610756001e-15,2.0188819660483103e-16,0.009425333002582192,0.00011900009121745825,0.00013099820353090763,0.009155331877991557,8.45396425575018e-06,0.11868674994911999,NBMF_SA,synthetic,20x20,5,42
13,5.132347610756001e-15,2.0188819660483103e-16,0.009977207984775305,0.00011437502689659595,0.00013829243835061789,0.009704244905151427,8.580973371863365e-06,0.1286639579338953,NBMF_SA,synthetic,20x20,5,42
14,5.132347610756001e-15,2.0188819660483103e-16,0.009342166944406927,0.00012695800978690386,0.00013075047172605991,0.00906458345707506,8.29098280519247e-06,0.13800612487830222,NBMF_SA,synthetic,20x20,5,42
15,5.132347610756001e-15,2.0188819660483103e-16,0.0093231659848243,0.00011337501928210258,0.00012829003389924765,0.009062037919647992,8.374219760298729e-06,0.14732929086312652,NBMF_SA,synthetic,20x20,5,42
1,5.132347610756001e-15,2.0188819660483103e-16,0.04777320800349116,0.0001337919384241104,0.00015945883933454752,0.04744958213996142,1.0707066394388676e-05,0.04777320800349116,NBMF_PathIntegral,synthetic,20x20,5,42
2,5.132347610756001e-15,2.0188819660483103e-16,0.047064749989658594,0.0001432499848306179,0.0001517117489129305,0.046745206927880645,1.066585537046194e-05,0.09483795799314976,NBMF_PathIntegral,synthetic,20x20,5,42
3,5.132347610756001e-15,2.0188819660483103e-16,0.046592083061113954,0.00012145901564508677,0.00015050021465867758,0.04629812482744455,9.166193194687366e-06,0.1414300410542637,NBMF_PathIntegral,synthetic,20x20,5,42
4,5.132347610756001e-15,2.0188819660483103e-16,0.04631358396727592,0.00012820796109735966,0.0001340408343821764,0.04602816607803106,9.04069747775793e-06,0.18774362502153963,NBMF_PathIntegral,synthetic,20x20,5,42
5,5.132347610756001e-15,2.0188819660483103e-16,0.04571425006724894,0.00012937502469867468,0.00013783329632133245,0.045425918768160045,8.503091521561146e-06,0.23345787508878857,NBMF_PathIntegral,synthetic,20x20,5,42
6,5.132347610756001e-15,2.0188819660483103e-16,0.045753250014968216,0.0001152500044554472,0.00012824824079871178,0.045488666044548154,8.41403380036354e-06,0.2792111251037568,NBMF_PathIntegral,synthetic,20x20,5,42
7,5.132347610756001e-15,2.0188819660483103e-16,0.046007542056031525,0.00011537503451108932,0.00012791797053068876,0.045742874150164425,8.418108336627483e-06,0.3252186671597883,NBMF_PathIntegral,synthetic,20x20,5,42
8,5.132347610756001e-15,2.0188819660483103e-16,0.047121166018769145,0.00011758401524275541,0.00014516920782625675,0.0468314589234069,9.417068213224411e-06,0.37233983317855746,NBMF_PathIntegral,synthetic,20x20,5,42
9,5.132347610756001e-15,2.0188819660483103e-16,0.046817541937343776,0.0001165829598903656,0.00015125132631510496,0.04652358405292034,9.959330782294273e-06,0.41915737511590123,NBMF_PathIntegral,synthetic,20x20,5,42
10,5.132347610756001e-15,2.0188819660483103e-16,0.04625558399129659,0.00013354199472814798,0.0001445007510483265,0.04595495807006955,9.581097401678562e-06,0.4654129591071978,NBMF_PathIntegral,synthetic,20x20,5,42
11,5.132347610756001e-15,2.0188819660483103e-16,0.046137999976053834,0.00011733407154679298,0.00014608318451792002,0.04585154331289232,8.622999303042889e-06,0.5115509590832517,NBMF_PathIntegral,synthetic,20x20,5,42
12,5.132347610756001e-15,2.0188819660483103e-16,0.04563662502914667,0.0001276669790968299,0.00012974999845027924,0.04535807971842587,8.578994311392307e-06,0.5571875841123983,NBMF_PathIntegral,synthetic,20x20,5,42
13,5.132347610756001e-15,2.0188819660483103e-16,0.04614970798138529,0.00011475000064820051,0.00012733216863125563,0.04588750016409904,8.331146091222763e-06,0.6033372920937836,NBMF_PathIntegral,synthetic,20x20,5,42
14,5.132347610756001e-15,2.0188819660483103e-16,0.04603770805988461,0.00011791696306318045,0.0001285400940105319,0.04577041580341756,8.579925633966923e-06,0.6493750001536682,NBMF_PathIntegral,synthetic,20x20,5,42
15,5.132347610756001e-15,2.0188819660483103e-16,0.04558520799037069,0.00011599995195865631,0.00012662529479712248,0.04532220680266619,8.499948307871819e-06,0.6949602081440389,NBMF_PathIntegral,synthetic,20x20,5,42
1,5.132347610756001e-15,2.0188819660483103e-16,0.0020835419418290257,0.00012791692279279232,0.0001266266917809844,0.0018095828127115965,7.998663932085037e-06,0.0020835419418290257,NBMF_Exact,synthetic,20x20,5,42
2,5.132347610756001e-15,2.0188819660483103e-16,0.0022427079966291785,0.00011158303823322058,0.00012154015712440014,0.0019913321593776345,7.498892955482006e-06,0.004326249938458204,NBMF_Exact,synthetic,20x20,5,42
3,5.132347610756001e-15,2.0188819660483103e-16,0.0019569169962778687,0.00011220795568078756,0.00011966563761234283,0.0017070830799639225,7.500173524022102e-06,0.006283166934736073,NBMF_Exact,synthetic,20x20,5,42
4,5.132347610756001e-15,2.0188819660483103e-16,0.002689999993890524,0.00012345798313617706,0.0001472941366955638,0.00238978979177773,1.066550612449646e-05,0.008973166928626597,NBMF_Exact,synthetic,20x20,5,42
5,5.132347610756001e-15,2.0188819660483103e-16,0.0023779160110279918,0.0001378749730065465,0.00012541806790977716,0.002093331073410809,7.916009053587914e-06,0.011351082939654589,NBMF_Exact,synthetic,20x20,5,42
6,5.132347610756001e-15,2.0188819660483103e-16,0.002013083081692457,0.00011358305346220732,0.00012287416029721498,0.0017582934815436602,7.663737051188946e-06,0.013364166021347046,NBMF_Exact,synthetic,20x20,5,42
7,5.132347610756001e-15,2.0188819660483103e-16,0.0019740419229492545,0.00011154194362461567,0.00012233084999024868,0.0017226233612746,7.372931577265263e-06,0.0153382079442963,NBMF_Exact,synthetic,20x20,5,42
8,5.132347610756001e-15,2.0188819660483103e-16,0.002122000092640519,0.00011166604235768318,0.00012720806989818811,0.0018610411789268255,8.290866389870644e-06,0.01746020803693682,NBMF_Exact,synthetic,20x20,5,42
9,5.132347610756001e-15,2.0188819660483103e-16,0.0024126670323312283,0.00011979101691395044,0.00012558267917484045,0.002146917860955,7.790978997945786e-06,0.019872875069268048,NBMF_Exact,synthetic,20x20,5,42
10,5.132347610756001e-15,2.0188819660483103e-16,0.001995875034481287,0.00011862500105053186,0.0001197929959744215,0.001738499035127461,7.623806595802307e-06,0.021868750103749335,NBMF_Exact,synthetic,20x20,5,42
11,5.132347610756001e-15,2.0188819660483103e-16,0.001948749995790422,0.00011204194743186235,0.00011828902643173933,0.0017008371651172638,7.3730479925870895e-06,0.023817500099539757,NBMF_Exact,synthetic,20x20,5,42
12,5.132347610756001e-15,2.0188819660483103e-16,0.0022139580687507987,0.00011104193981736898,0.00012037460692226887,0.001965000294148922,7.541151717305183e-06,0.026031458168290555,NBMF_Exact,synthetic,20x20,5,42
13,5.132347610756001e-15,2.0188819660483103e-16,0.002009207964874804,0.00011204194743186235,0.0001204158179461956,0.001758164376951754,7.538823410868645e-06,0.02804066613316536,NBMF_Exact,synthetic,20x20,5,42
14,5.132347610756001e-15,2.0188819660483103e-16,0.0022074159933254123,0.00011266698129475117,0.0001270831562578678,0.0019479978363960981,8.080853149294853e-06,0.030248082126490772,NBMF_Exact,synthetic,20x20,5,42
15,5.132347610756001e-15,2.0188819660483103e-16,0.00221595901530236,0.00011654209811240435,0.00012058229185640812,0.001960872788913548,7.371767424046993e-06,0.03246404114179313,NBMF_Exact,synthetic,20x20,5,42
1,3.2425214594773597e-13,1.2754919571979683e-14,0.0003964160569012165,,,,,0.0003964160569012165,Repo_ALS,synthetic,20x20,5,42
2,4.951934639838235e-13,1.94791395665944e-14,0.0003510839305818081,,,,,0.0007474999874830246,Repo_ALS,synthetic,20x20,5,42
3,5.563863071744035e-13,2.1886247130972458e-14,0.000350042013451457,,,,,0.0010975420009344816,Repo_ALS,synthetic,20x20,5,42
4,1.315114485220932e-12,5.173189968538302e-14,0.0003708329750224948,,,,,0.0014683749759569764,Repo_ALS,synthetic,20x20,5,42
5,8.101853095986067e-13,3.186979204756082e-14,0.0003479589940980077,,,,,0.001816333970054984,Repo_ALS,synthetic,20x20,5,42
6,8.970790229066671e-13,3.5287879910373654e-14,0.0003510829992592335,,,,,0.0021674169693142176,Repo_ALS,synthetic,20x20,5,42
7,2.842394450153303e-13,1.1180963042690369e-14,0.0003487910144031048,,,,,0.0025162079837173223,Repo_ALS,synthetic,20x20,5,42
8,2.7649905420642974e-13,1.0876483755638461e-14,0.00036045804154127836,,,,,0.0028766660252586007,Repo_ALS,synthetic,20x20,5,42
9,2.199287544910203e-13,8.651210516740193e-15,0.00043995806481689215,,,,,0.003316624090075493,Repo_ALS,synthetic,20x20,5,42
10,4.5139370019462723e-13,1.7756213530839026e-14,0.00036820804234594107,,,,,0.003684832132421434,Repo_ALS,synthetic,20x20,5,42
11,3.1382109515667556e-13,1.2344599345717693e-14,0.0003500418970361352,,,,,0.004034874029457569,Repo_ALS,synthetic,20x20,5,42
12,2.7696561468138465e-13,1.0894836575836832e-14,0.0003484579501673579,,,,,0.004383331979624927,Repo_ALS,synthetic,20x20,5,42
13,6.480470931330176e-13,2.549185458004393e-14,0.0004137499490752816,,,,,0.004797081928700209,Repo_ALS,synthetic,20x20,5,42
14,3.8416418915230554e-13,1.5111645046328367e-14,0.0003756249789148569,,,,,0.005172706907615066,Repo_ALS,synthetic,20x20,5,42
15,4.796703858141453e-13,1.8868517197434468e-14,0.00034904200583696365,,,,,0.005521748913452029,Repo_ALS,synthetic,20x20,5,42
1,9.971125514921424,0.3922284110509378,0.002422124962322414,,,,,0.002422124962322414,Repo_SGD,synthetic,20x20,5,42
2,8.968554633873541,0.3527908587855606,0.002390249981544912,,,,,0.004812374943867326,Repo_SGD,synthetic,20x20,5,42
3,8.230549125628237,0.32376036193616087,0.002454209025017917,,,,,0.007266583968885243,Repo_SGD,synthetic,20x20,5,42
4,7.7000448229386915,0.3028922202817184,0.002505374955944717,,,,,0.00977195892482996,Repo_SGD,synthetic,20x20,5,42
5,7.320049753214458,0.2879445734807543,0.002468709019012749,,,,,0.012240667943842709,Repo_SGD,synthetic,20x20,5,42
6,7.055997195754248,0.27755769038600564,0.0025400000158697367,,,,,0.014780667959712446,Repo_SGD,synthetic,20x20,5,42
7,6.873803018388029,0.27039082315681023,0.002448874991387129,,,,,0.017229542951099575,Repo_SGD,synthetic,20x20,5,42
8,6.749630075089841,0.26550630373395445,0.002396040945313871,,,,,0.019625583896413445,Repo_SGD,synthetic,20x20,5,42
9,6.662620428411136,0.262083655467034,0.002396916039288044,,,,,0.02202249993570149,Repo_SGD,synthetic,20x20,5,42
10,6.60212918739626,0.25970414642261785,0.0025201250100508332,,,,,0.024542624945752323,Repo_SGD,synthetic,20x20,5,42
11,6.560596156921914,0.2580703855673659,0.002420875011011958,,,,,0.02696349995676428,Repo_SGD,synthetic,20x20,5,42
12,6.530740983795449,0.2568959898484954,0.0023857499472796917,,,,,0.029349249904043972,Repo_SGD,synthetic,20x20,5,42
13,6.509346961207158,0.25605442552626956,0.002398582990281284,,,,,0.031747832894325256,Repo_SGD,synthetic,20x20,5,42
14,6.493504222130829,0.25543122884046876,0.0024572089314460754,,,,,0.03420504182577133,Repo_SGD,synthetic,20x20,5,42
15,6.48021434240708,0.25490845251002303,0.002388124936260283,,,,,0.036593166762031615,Repo_SGD,synthetic,20x20,5,42
1,5.352348096282305e-15,1.9534701451716657e-16,0.011620540986768901,0.0001325419871136546,0.000159125542268157,0.011300329933874309,1.1247000657022e-05,0.011620540986768901,NBMF_SA,synthetic,20x20,5,43
2,5.352348096282305e-15,1.9534701451716657e-16,0.010654874960891902,0.0001247919863089919,0.00015320919919759035,0.010351167642511427,1.0498915798962116e-05,0.022275415947660804,NBMF_SA,synthetic,20x20,5,43
3,5.352348096282305e-15,1.9534701451716657e-16,0.010439040954224765,0.0001236249227076769,0.00013991573359817266,0.0101510020904243,9.249197319149971e-06,0.03271445690188557,NBMF_SA,synthetic,20x20,5,43
4,5.352348096282305e-15,1.9534701451716657e-16,0.009814082994125783,0.00012108299415558577,0.0001324580516666174,0.009539746912196279,8.704839274287224e-06,0.04252853989601135,NBMF_SA,synthetic,20x20,5,43
5,5.352348096282305e-15,1.9534701451716657e-16,0.00972545810509473,0.00011604104656726122,0.00013158423826098442,0.009457252104766667,8.706701919436455e-06,0.05225399800110608,NBMF_SA,synthetic,20x20,5,43
6,5.352348096282305e-15,1.9534701451716657e-16,0.010210959007963538,0.00011262495536357164,0.0001325389603152871,0.009944167220965028,8.917064405977726e-06,0.06246495700906962,NBMF_SA,synthetic,20x20,5,43
7,5.352348096282305e-15,1.9534701451716657e-16,0.009777875035069883,0.00011904200073331594,0.00013524992391467094,0.009500329731963575,8.500064723193645e-06,0.0722428320441395,NBMF_SA,synthetic,20x20,5,43
8,5.352348096282305e-15,1.9534701451716657e-16,0.009926333092153072,0.00011616700794547796,0.00013008411042392254,0.009659039904363453,8.750823326408863e-06,0.08216916513629258,NBMF_SA,synthetic,20x20,5,43
9,5.352348096282305e-15,1.9534701451716657e-16,0.009694500011391938,0.00011625001206994057,0.00012983591295778751,0.009427957469597459,8.581089787185192e-06,0.09186366514768451,NBMF_SA,synthetic,20x20,5,43
10,5.352348096282305e-15,1.9534701451716657e-16,0.009674999979324639,0.00011545803863555193,0.00012987595982849598,0.009406710043549538,1.0998337529599667e-05,0.10153866512700915,NBMF_SA,synthetic,20x20,5,43
11,5.352348096282305e-15,1.9534701451716657e-16,0.009955457993783057,0.00011666701175272465,0.00013537530321627855,0.009683249751105905,8.53824894875288e-06,0.11149412312079221,NBMF_SA,synthetic,20x20,5,43
12,5.352348096282305e-15,1.9534701451716657e-16,0.009612833964638412,0.00011466699652373791,0.00012891285587102175,0.009349210071377456,8.331844583153725e-06,0.12110695708543062,NBMF_SA,synthetic,20x20,5,43
13,5.352348096282305e-15,1.9534701451716657e-16,0.009944834047928452,0.00011466594878584146,0.0001319147413596511,0.009677165886387229,8.662231266498566e-06,0.13105179113335907,NBMF_SA,synthetic,20x20,5,43
14,5.352348096282305e-15,1.9534701451716657e-16,0.009705291944555938,0.00011720799375325441,0.00012958282604813576,0.009437873144634068,8.706236258149147e-06,0.140757083077915,NBMF_SA,synthetic,20x20,5,43
15,5.352348096282305e-15,1.9534701451716657e-16,0.00963458395563066,0.00011829205323010683,0.00012924917973577976,0.009363788645714521,8.42090230435133e-06,0.15039166703354567,NBMF_SA,synthetic,20x20,5,43
1,5.352348096282305e-15,1.9534701451716657e-16,0.04842016601469368,0.0001379579771310091,0.00017399899661540985,0.04807491705287248,1.1208117939531803e-05,0.04842016601469368,NBMF_PathIntegral,synthetic,20x20,5,43
2,5.352348096282305e-15,1.9534701451716657e-16,0.04673549998551607,0.00013275002129375935,0.00014983303844928741,0.04642787575721741,1.0416144505143166e-05,0.09515566600020975,NBMF_PathIntegral,synthetic,20x20,5,43
3,5.352348096282305e-15,1.9534701451716657e-16,0.04636262496933341,0.00013449997641146183,0.00015433004591614008,0.04605025006458163,9.833136573433876e-06,0.14151829096954316,NBMF_PathIntegral,synthetic,20x20,5,43
4,5.352348096282305e-15,1.9534701451716657e-16,0.046463791048154235,0.00013620906975120306,0.000144082005135715,0.0461611682549119,9.328010492026806e-06,0.1879820820176974,NBMF_PathIntegral,synthetic,20x20,5,43
5,5.352348096282305e-15,1.9534701451716657e-16,0.04570883302949369,0.00012016692198812962,0.00013562338426709175,0.04542741447221488,9.082956239581108e-06,0.23369091504719108,NBMF_PathIntegral,synthetic,20x20,5,43
6,5.352348096282305e-15,1.9534701451716657e-16,0.046213333029299974,0.00011495791841298342,0.00013149913866072893,0.04593620775267482,9.498442523181438e-06,0.27990424807649106,NBMF_PathIntegral,synthetic,20x20,5,43
7,5.352348096282305e-15,1.9534701451716657e-16,0.04974958405364305,0.00012987502850592136,0.00018312397878617048,0.04940158221870661,1.3998826034367085e-05,0.3296538321301341,NBMF_PathIntegral,synthetic,20x20,5,43
8,5.352348096282305e-15,1.9534701451716657e-16,0.048700708081014454,0.00014150002971291542,0.00018233119044452906,0.04834416531957686,1.350336242467165e-05,0.37835454021114856,NBMF_PathIntegral,synthetic,20x20,5,43
9,5.352348096282305e-15,1.9534701451716657e-16,0.04717845900449902,0.0001425830414518714,0.00014566502068191767,0.04685929080005735,1.0248972102999687e-05,0.4255329992156476,NBMF_PathIntegral,synthetic,20x20,5,43
10,5.352348096282305e-15,1.9534701451716657e-16,0.04876208398491144,0.00013795809354633093,0.0001873342553153634,0.048404459841549397,1.241522841155529e-05,0.474295083200559,NBMF_PathIntegral,synthetic,20x20,5,43
11,5.352348096282305e-15,1.9534701451716657e-16,0.04721754207275808,0.0001252919901162386,0.00016312813386321068,0.04690083581954241,1.0626972652971745e-05,0.5215126252733171,NBMF_PathIntegral,synthetic,20x20,5,43
12,5.352348096282305e-15,1.9534701451716657e-16,0.047396750072948635,0.00012245902325958014,0.00015083292964845896,0.04709750215988606,1.0042916983366013e-05,0.5689093753462657,NBMF_PathIntegral,synthetic,20x20,5,43
13,5.352348096282305e-15,1.9534701451716657e-16,0.048414958990179,0.00016499997582286596,0.00016408378724008799,0.04805775103159249,1.1078896932303905e-05,0.6173243343364447,NBMF_PathIntegral,synthetic,20x20,5,43
14,5.352348096282305e-15,1.9534701451716657e-16,0.0480492920614779,0.00012254202738404274,0.0001697487896308303,0.047728249221108854,1.012696884572506e-05,0.6653736263979226,NBMF_PathIntegral,synthetic,20x20,5,43
15,5.352348096282305e-15,1.9534701451716657e-16,0.04789216700010002,0.00011933303903788328,0.00016787496861070395,0.04757666680961847,1.4459132216870785e-05,0.7132657933980227,NBMF_PathIntegral,synthetic,20x20,5,43
1,5.352348096282305e-15,1.9534701451716657e-16,0.002089249901473522,0.00013287505134940147,0.0001236621756106615,0.0018101250752806664,7.668393664062023e-06,0.002089249901473522,NBMF_Exact,synthetic,20x20,5,43
2,5.352348096282305e-15,1.9534701451716657e-16,0.0022544589592143893,0.00011266698129475117,0.00012579129543155432,0.0019980386132374406,7.58306123316288e-06,0.0043437088606879115,NBMF_Exact,synthetic,20x20,5,43
3,5.352348096282305e-15,1.9534701451716657e-16,0.0020455410704016685,0.00011324998922646046,0.00012291595339775085,0.0017897470388561487,7.831957191228867e-06,0.00638924993108958,NBMF_Exact,synthetic,20x20,5,43
4,5.352348096282305e-15,1.9534701451716657e-16,0.0022795419208705425,0.0001670829951763153,0.00013483420480042696,0.0019554998725652695,8.584116585552692e-06,0.008668791851960123,NBMF_Exact,synthetic,20x20,5,43
5,5.352348096282305e-15,1.9534701451716657e-16,0.0024692079750820994,0.0001206250162795186,0.00012975011486560106,0.0021973728435114026,8.66700429469347e-06,0.011137999827042222,NBMF_Exact,synthetic,20x20,5,43
6,5.352348096282305e-15,1.9534701451716657e-16,0.0020595419919118285,0.00012158299796283245,0.0001212478382512927,0.001798042212612927,7.99703411757946e-06,0.01319754181895405,NBMF_Exact,synthetic,20x20,5,43
7,5.352348096282305e-15,1.9534701451716657e-16,0.002118040923960507,0.00011374999303370714,0.0001244980376213789,0.0018587898230180144,7.832073606550694e-06,0.015315582742914557,NBMF_Exact,synthetic,20x20,5,43
8,5.352348096282305e-15,1.9534701451716657e-16,0.002077708952128887,0.00011633301619440317,0.00012166495434939861,0.0018221238860860467,7.4981944635510445e-06,0.017393291695043445,NBMF_Exact,synthetic,20x20,5,43
9,5.352348096282305e-15,1.9534701451716657e-16,0.002284749993123114,0.0001117080682888627,0.00012033304665237665,0.0020347897661849856,7.582828402519226e-06,0.01967804168816656,NBMF_Exact,synthetic,20x20,5,43
10,5.352348096282305e-15,1.9534701451716657e-16,0.00223483401350677,0.00011150003410875797,0.00013583397958427668,0.0019663319690153003,8.497852832078934e-06,0.02191287570167333,NBMF_Exact,synthetic,20x20,5,43
11,5.352348096282305e-15,1.9534701451716657e-16,0.00212808302603662,0.0001255829120054841,0.00013316597323864698,0.001850003027357161,8.206116035580635e-06,0.02404095872770995,NBMF_Exact,synthetic,20x20,5,43
12,5.352348096282305e-15,1.9534701451716657e-16,0.0023780419724062085,0.00011716608423739672,0.0001291240332648158,0.0021128739463165402,7.832888513803482e-06,0.026419000700116158,NBMF_Exact,synthetic,20x20,5,43
13,5.352348096282305e-15,1.9534701451716657e-16,0.0019952920265495777,0.00011699995957314968,0.00012270791921764612,0.0017377878539264202,7.458031177520752e-06,0.028414292726665735,NBMF_Exact,synthetic,20x20,5,43
14,5.352348096282305e-15,1.9534701451716657e-16,0.002367249922826886,0.00011204089969396591,0.00015720713417977095,0.002075292984955013,9.708106517791748e-06,0.03078154264949262,NBMF_Exact,synthetic,20x20,5,43
15,5.352348096282305e-15,1.9534701451716657e-16,0.002169665996916592,0.0001302079763263464,0.00013399391900748014,0.0018855833914130926,8.541974239051342e-06,0.032951208646409214,NBMF_Exact,synthetic,20x20,5,43
1,1.1244606412704841e-11,4.103993710103079e-13,0.00041041604708880186,,,,,0.00041041604708880186,Repo_ALS,synthetic,20x20,5,43
2,9.102954132535032e-12,3.3223454100688424e-13,0.0003899169387295842,,,,,0.0008003329858183861,Repo_ALS,synthetic,20x20,5,43
3,5.159445548622889e-12,1.8830656496116766e-13,0.0003636250039562583,,,,,0.0011639579897746444,Repo_ALS,synthetic,20x20,5,43
4,3.115672303953403e-11,1.1371406938458907e-12,0.0003777500241994858,,,,,0.0015417080139741302,Repo_ALS,synthetic,20x20,5,43
5,5.782715822364146e-12,2.1105433566337982e-13,0.00037174997851252556,,,,,0.0019134579924866557,Repo_ALS,synthetic,20x20,5,43
6,1.5040425514227646e-11,5.489370587299751e-13,0.00036416598595678806,,,,,0.0022776239784434438,Repo_ALS,synthetic,20x20,5,43
7,5.823977304496417e-12,2.1256027421672078e-13,0.0003587499959394336,,,,,0.0026363739743828773,Repo_ALS,synthetic,20x20,5,43
8,4.162381063125783e-12,1.5191626167386047e-13,0.0003639589995145798,,,,,0.003000332973897457,Repo_ALS,synthetic,20x20,5,43
9,5.811841594451543e-12,2.121173518425279e-13,0.0003740409156307578,,,,,0.003374373889528215,Repo_ALS,synthetic,20x20,5,43
10,1.3007613775770164e-11,4.747446300912353e-13,0.0003667499404400587,,,,,0.0037411238299682736,Repo_ALS,synthetic,20x20,5,43
11,2.3726052791285194e-12,8.659402370099118e-14,0.0003669590223580599,,,,,0.0041080828523263335,Repo_ALS,synthetic,20x20,5,43
12,8.96027760221721e-12,3.2702721260860353e-13,0.0003549999091774225,,,,,0.004463082761503756,Repo_ALS,synthetic,20x20,5,43
13,1.881069538644395e-12,6.865422649334074e-14,0.0003813749644905329,,,,,0.004844457725994289,Repo_ALS,synthetic,20x20,5,43
14,2.65239648186478e-11,9.68056869111362e-13,0.0003655829932540655,,,,,0.0052100407192483544,Repo_ALS,synthetic,20x20,5,43
15,2.075250915194084e-11,7.574135003266419e-13,0.0003645409597083926,,,,,0.005574581678956747,Repo_ALS,synthetic,20x20,5,43
1,12.424964716144835,0.4534794297975361,0.0027594160055741668,,,,,0.0027594160055741668,Repo_SGD,synthetic,20x20,5,43
2,10.74403562199985,0.3921298175807322,0.002555083017796278,,,,,0.005314499023370445,Repo_SGD,synthetic,20x20,5,43
3,9.453107700729715,0.34501425057339685,0.0024637499591335654,,,,,0.00777824898250401,Repo_SGD,synthetic,20x20,5,43
4,8.484068272245317,0.3096467901805771,0.00241049996111542,,,,,0.01018874894361943,Repo_SGD,synthetic,20x20,5,43
5,7.771326769973125,0.2836335484992182,0.0024596250150352716,,,,,0.012648373958654702,Repo_SGD,synthetic,20x20,5,43
6,7.253903911792931,0.26474893771341235,0.00245124998036772,,,,,0.015099623939022422,Repo_SGD,synthetic,20x20,5,43
7,6.8835983617531555,0.2512337323571589,0.002584083005785942,,,,,0.017683706944808364,Repo_SGD,synthetic,20x20,5,43
8,6.625214114747071,0.2418033682734096,0.0025057499296963215,,,,,0.020189456874504685,Repo_SGD,synthetic,20x20,5,43
9,6.443494821835895,0.23517107890960204,0.002548541990108788,,,,,0.022737998864613473,Repo_SGD,synthetic,20x20,5,43
10,6.318445733787606,0.23060710706418058,0.0025554170133545995,,,,,0.025293415877968073,Repo_SGD,synthetic,20x20,5,43
11,6.229982622141049,0.22737842977260886,0.0028414579574018717,,,,,0.028134873835369945,Repo_SGD,synthetic,20x20,5,43
12,6.168083616254986,0.22511927439184773,0.0025216250214725733,,,,,0.030656498856842518,Repo_SGD,synthetic,20x20,5,43
13,6.123252066743061,0.22348303751117546,0.0025356250116601586,,,,,0.033192123868502676,Repo_SGD,synthetic,20x20,5,43
14,6.089927535261375,0.22226677735431974,0.0024683750234544277,,,,,0.035660498891957104,Repo_SGD,synthetic,20x20,5,43
15,6.0639902244452335,0.2213201318556728,0.00250337494071573,,,,,0.038163873832672834,Repo_SGD,synthetic,20x20,5,43
1,5.4155610913710385e-15,2.0341500994848947e-16,0.010464334045536816,0.00013837497681379318,0.0001609178725630045,0.01013895496726036,1.1376803740859032e-05,0.010464334045536816,NBMF_SA,synthetic,20x20,5,44
2,5.4155610913710385e-15,2.0341500994848947e-16,0.010219917050562799,0.00012795801740139723,0.00015408103354275227,0.00991441693622619,1.025001984089613e-05,0.020684251096099615,NBMF_SA,synthetic,20x20,5,44
3,5.4155610913710385e-15,2.0341500994848947e-16,0.010781749966554344,0.00012566696386784315,0.00016429077368229628,0.010466246050782502,1.1333031579852104e-05,0.03146600106265396,NBMF_SA,synthetic,20x20,5,44
4,5.4155610913710385e-15,2.0341500994848947e-16,0.010476499912329018,0.00011900009121745825,0.00016446015797555447,0.010169254150241613,1.0622898116707802e-05,0.04194250097498298,NBMF_SA,synthetic,20x20,5,44
5,5.4155610913710385e-15,2.0341500994848947e-16,0.010173375019803643,0.00012374995276331902,0.00015645823441445827,0.009865165106020868,1.041404902935028e-05,0.05211587599478662,NBMF_SA,synthetic,20x20,5,44
6,5.4155610913710385e-15,2.0341500994848947e-16,0.010340791079215705,0.0001412091078236699,0.00016554049216210842,0.010010750847868621,9.705894626677036e-06,0.062456667074002326,NBMF_SA,synthetic,20x20,5,44
7,5.4155610913710385e-15,2.0341500994848947e-16,0.010220375028438866,0.00012154201976954937,0.00015599990729242563,0.009919708012603223,1.0246061719954014e-05,0.07267704210244119,NBMF_SA,synthetic,20x20,5,44
8,5.4155610913710385e-15,2.0341500994848947e-16,0.010022457921877503,0.0001259580021724105,0.00014016893692314625,0.009732458973303437,9.414739906787872e-06,0.0826995000243187,NBMF_SA,synthetic,20x20,5,44
9,5.4155610913710385e-15,2.0341500994848947e-16,0.009655374917201698,0.0001341670285910368,0.00014029594603925943,0.009353837347589433,9.913230314850807e-06,0.09235487494152039,NBMF_SA,synthetic,20x20,5,44
10,5.4155610913710385e-15,2.0341500994848947e-16,0.009612207999452949,0.00011841591913253069,0.0001554979244247079,0.009315167437307537,9.373994544148445e-06,0.10196708294097334,NBMF_SA,synthetic,20x20,5,44
11,5.4155610913710385e-15,2.0341500994848947e-16,0.009968833066523075,0.00012062489986419678,0.00014104368165135384,0.009677621303126216,9.041745215654373e-06,0.11193591600749642,NBMF_SA,synthetic,20x20,5,44
12,5.4155610913710385e-15,2.0341500994848947e-16,0.009622749988920987,0.00011916691437363625,0.00014895887579768896,0.009327042731456459,9.541981853544712e-06,0.1215586659964174,NBMF_SA,synthetic,20x20,5,44
13,5.4155610913710385e-15,2.0341500994848947e-16,0.010100541054271162,0.00013441708870232105,0.00016300065908581018,0.009761708904989064,1.2333155609667301e-05,0.13165920705068856,NBMF_SA,synthetic,20x20,5,44
14,5.4155610913710385e-15,2.0341500994848947e-16,0.010046042036265135,0.00013399997260421515,0.00014870800077915192,0.009736582869663835,9.458977729082108e-06,0.1417052490869537,NBMF_SA,synthetic,20x20,5,44
15,5.4155610913710385e-15,2.0341500994848947e-16,0.01045387506019324,0.00011800008360296488,0.0001719159772619605,0.010139623656868935,1.0248739272356033e-05,0.15215912414714694,NBMF_SA,synthetic,20x20,5,44
1,5.4155610913710385e-15,2.0341500994848947e-16,0.09638812497723848,0.00014379096683114767,0.0003666250267997384,0.09581725019961596,2.9371818527579308e-05,0.09638812497723848,NBMF_PathIntegral,synthetic,20x20,5,44
2,5.4155610913710385e-15,2.0341500994848947e-16,0.04811529198195785,0.00013241695705801249,0.00015983183402568102,0.0477919599507004,1.124734990298748e-05,0.14450341695919633,NBMF_PathIntegral,synthetic,20x20,5,44
3,5.4155610913710385e-15,2.0341500994848947e-16,0.04712387500330806,0.0001330419909209013,0.00014624674804508686,0.046816582791507244,1.366704236716032e-05,0.1916272919625044,NBMF_PathIntegral,synthetic,20x20,5,44
4,5.4155610913710385e-15,2.0341500994848947e-16,0.04736424994189292,0.00012462493032217026,0.0001509160501882434,0.047062542173080146,9.95758455246687e-06,0.2389915419043973,NBMF_PathIntegral,synthetic,20x20,5,44
5,5.4155610913710385e-15,2.0341500994848947e-16,0.04722704098094255,0.00011849997099488974,0.0001380400499328971,0.04694758332334459,9.289709851145744e-06,0.28621858288533986,NBMF_PathIntegral,synthetic,20x20,5,44
6,5.4155610913710385e-15,2.0341500994848947e-16,0.047813417040742934,0.00012099999003112316,0.0001715010730549693,0.04749662475660443,9.91998240351677e-06,0.3340319999260828,NBMF_PathIntegral,synthetic,20x20,5,44
7,5.4155610913710385e-15,2.0341500994848947e-16,0.046915958053432405,0.00011904200073331594,0.00013566622510552406,0.04663645918481052,9.167823009192944e-06,0.3809479579795152,NBMF_PathIntegral,synthetic,20x20,5,44
8,5.4155610913710385e-15,2.0341500994848947e-16,0.046778541058301926,0.00011675001587718725,0.00013795809354633093,0.046501999837346375,9.24884807318449e-06,0.4277264990378171,NBMF_PathIntegral,synthetic,20x20,5,44
9,5.4155610913710385e-15,2.0341500994848947e-16,0.04728408309165388,0.00012020801659673452,0.00014945876318961382,0.046991621726192534,9.580980986356735e-06,0.475010582129471,NBMF_PathIntegral,synthetic,20x20,5,44
10,5.4155610913710385e-15,2.0341500994848947e-16,0.047057082992978394,0.00013233302161097527,0.00013903994113206863,0.04676112369634211,9.209034033119678e-06,0.5220676651224494,NBMF_PathIntegral,synthetic,20x20,5,44
11,5.4155610913710385e-15,2.0341500994848947e-16,0.04719745891634375,0.0001177079975605011,0.00014083681162446737,0.046913126250728965,9.329989552497864e-06,0.5692651240387931,NBMF_PathIntegral,synthetic,20x20,5,44
12,5.4155610913710385e-15,2.0341500994848947e-16,0.047356124967336655,0.00012749992311000824,0.00015608267858624458,0.04704291501548141,9.334878996014595e-06,0.6166212490061298,NBMF_PathIntegral,synthetic,20x20,5,44
13,5.4155610913710385e-15,2.0341500994848947e-16,0.04619566595647484,0.00012420793063938618,0.00015054503455758095,0.04589883203152567,9.000883437693119e-06,0.6628169149626046,NBMF_PathIntegral,synthetic,20x20,5,44
14,5.4155610913710385e-15,2.0341500994848947e-16,0.047450584010221064,0.00011833291500806808,0.00015566288493573666,0.04714991676155478,9.703915566205978e-06,0.7102674989728257,NBMF_PathIntegral,synthetic,20x20,5,44
15,5.4155610913710385e-15,2.0341500994848947e-16,0.04642108303960413,0.0001271250657737255,0.00014887459110468626,0.04611924826167524,9.58424061536789e-06,0.7566885820124298,NBMF_PathIntegral,synthetic,20x20,5,44
1,5.4155610913710385e-15,2.0341500994848947e-16,0.002333124983124435,0.00014279200695455074,0.0001460403436794877,0.002022207831032574,8.167000487446785e-06,0.002333124983124435,NBMF_Exact,synthetic,20x20,5,44
2,5.4155610913710385e-15,2.0341500994848947e-16,0.002483125077560544,0.00012612505815923214,0.00013599824160337448,0.0021969599183648825,1.0999850928783417e-05,0.004816250060684979,NBMF_Exact,synthetic,20x20,5,44
3,5.4155610913710385e-15,2.0341500994848947e-16,0.0021115000126883388,0.00011975003872066736,0.00012441305443644524,0.0018444560701027513,7.959199137985706e-06,0.006927750073373318,NBMF_Exact,synthetic,20x20,5,44
4,5.4155610913710385e-15,2.0341500994848947e-16,0.0020706249633803964,0.00012208300177007914,0.00012195680756121874,0.001808416098356247,7.789116352796555e-06,0.008998375036753714,NBMF_Exact,synthetic,20x20,5,44
5,5.4155610913710385e-15,2.0341500994848947e-16,0.002094583003781736,0.00011283298954367638,0.00012949679512530565,0.0018328709993511438,7.955008186399937e-06,0.01109295804053545,NBMF_Exact,synthetic,20x20,5,44
6,5.4155610913710385e-15,2.0341500994848947e-16,0.0026462499517947435,0.00012174993753433228,0.00013358378782868385,0.0023680409649387,8.999835699796677e-06,0.013739207992330194,NBMF_Exact,synthetic,20x20,5,44
7,5.4155610913710385e-15,2.0341500994848947e-16,0.0020563749130815268,0.00012637500185519457,0.00012599793262779713,0.0017821637447923422,7.290393114089966e-06,0.01579558290541172,NBMF_Exact,synthetic,20x20,5,44
8,5.4155610913710385e-15,2.0341500994848947e-16,0.0020783330546692014,0.00011604209430515766,0.00013274990487843752,0.0018100409070029855,7.623923011124134e-06,0.01787391596008092,NBMF_Exact,synthetic,20x20,5,44
9,5.4155610913710385e-15,2.0341500994848947e-16,0.002635749988257885,0.0001154160127043724,0.00013716518878936768,0.002355166943743825,9.790877811610699e-06,0.020509665948338807,NBMF_Exact,synthetic,20x20,5,44
10,5.4155610913710385e-15,2.0341500994848947e-16,0.002113332971930504,0.00013195793144404888,0.0001279596472159028,0.0018331691389903426,8.837087079882622e-06,0.02262299892026931,NBMF_Exact,synthetic,20x20,5,44
11,5.4155610913710385e-15,2.0341500994848947e-16,0.002165457932278514,0.00015750003512948751,0.00012999505270272493,0.00185882905498147,7.454887963831425e-06,0.024788456852547824,NBMF_Exact,synthetic,20x20,5,44
12,5.4155610913710385e-15,2.0341500994848947e-16,0.002332584001123905,0.00011270795948803425,0.00012208172120153904,0.0020790378330275416,7.748836651444435e-06,0.02712104085367173,NBMF_Exact,synthetic,20x20,5,44
13,5.4155610913710385e-15,2.0341500994848947e-16,0.002184125012718141,0.00011387502308934927,0.00013441790360957384,0.0019144559046253562,8.45885369926691e-06,0.02930516586638987,NBMF_Exact,synthetic,20x20,5,44
14,5.4155610913710385e-15,2.0341500994848947e-16,0.0021027500042691827,0.00012324994895607233,0.00013545725960284472,0.0018218314507976174,8.123461157083511e-06,0.03140791587065905,NBMF_Exact,synthetic,20x20,5,44
15,5.4155610913710385e-15,2.0341500994848947e-16,0.002136375056579709,0.0001157920341938734,0.00014449853915721178,0.0018546654609963298,8.5409265011549e-06,0.03354429092723876,NBMF_Exact,synthetic,20x20,5,44
1,2.9219272129771507e-13,1.0975111222428039e-14,0.0004397080047056079,,,,,0.0004397080047056079,Repo_ALS,synthetic,20x20,5,44
2,1.54555989018498e-13,5.8053094616345835e-15,0.00036904204171150923,,,,,0.0008087500464171171,Repo_ALS,synthetic,20x20,5,44
3,1.4928109314813053e-13,5.607178007138074e-15,0.0003658750792965293,,,,,0.0011746251257136464,Repo_ALS,synthetic,20x20,5,44
4,2.9856878954526825e-13,1.1214604040277486e-14,0.000352540984749794,,,,,0.0015271661104634404,Repo_ALS,synthetic,20x20,5,44
5,4.1878723488167493e-13,1.573015392356873e-14,0.00035020802170038223,,,,,0.0018773741321638227,Repo_ALS,synthetic,20x20,5,44
6,3.0630257751417017e-13,1.150509444932122e-14,0.0003504169872030616,,,,,0.0022277911193668842,Repo_ALS,synthetic,20x20,5,44
7,3.0643025728096955e-13,1.1509890255442786e-14,0.00035087496507912874,,,,,0.002578666084446013,Repo_ALS,synthetic,20x20,5,44
8,1.9933746879023485e-13,7.487355882972208e-15,0.0003559580072760582,,,,,0.002934624091722071,Repo_ALS,synthetic,20x20,5,44
9,3.7352478825913147e-13,1.4030041806896675e-14,0.00035841704811900854,,,,,0.0032930411398410797,Repo_ALS,synthetic,20x20,5,44
10,1.3472940671402953e-13,5.060599104081037e-15,0.00035129208117723465,,,,,0.0036443332210183144,Repo_ALS,synthetic,20x20,5,44
11,3.4729787839231367e-13,1.3044927422354436e-14,0.00035929097793996334,,,,,0.004003624198958278,Repo_ALS,synthetic,20x20,5,44
12,2.569246600068407e-13,9.65040027977465e-15,0.0003512080293148756,,,,,0.004354832228273153,Repo_ALS,synthetic,20x20,5,44
13,2.1389799694204604e-13,8.034266891616392e-15,0.0003499580780044198,,,,,0.004704790306277573,Repo_ALS,synthetic,20x20,5,44
14,2.9906282333794657e-13,1.1233160545717462e-14,0.0003487500362098217,,,,,0.005053540342487395,Repo_ALS,synthetic,20x20,5,44
15,1.5541548158368034e-13,5.837593039595839e-15,0.0003498340956866741,,,,,0.005403374438174069,Repo_ALS,synthetic,20x20,5,44
1,9.502623132665915,0.3569299923784294,0.002623167005367577,,,,,0.002623167005367577,Repo_SGD,synthetic,20x20,5,44
2,8.497824225169724,0.3191885328479961,0.002502207993529737,,,,,0.005125374998897314,Repo_SGD,synthetic,20x20,5,44
3,7.753894453315932,0.29124563286229843,0.0024809170281514525,,,,,0.007606292027048767,Repo_SGD,synthetic,20x20,5,44
4,7.211483579146045,0.2708720258613102,0.002400333061814308,,,,,0.010006625088863075,Repo_SGD,synthetic,20x20,5,44
5,6.826533632433027,0.25641284131530506,0.002408375032246113,,,,,0.012415000121109188,Repo_SGD,synthetic,20x20,5,44
6,6.555123590038321,0.24621835259246394,0.0024728330317884684,,,,,0.014887833152897656,Repo_SGD,synthetic,20x20,5,44
7,6.36308205642659,0.23900504083933888,0.0024160000029951334,,,,,0.01730383315589279,Repo_SGD,synthetic,20x20,5,44
8,6.227761861975568,0.23392225103490932,0.0024773749755695462,,,,,0.019781208131462336,Repo_SGD,synthetic,20x20,5,44
9,6.135002289158413,0.23043808954008582,0.00239612499717623,,,,,0.022177333128638566,Repo_SGD,synthetic,20x20,5,44
10,6.069069662658042,0.22796158052297352,0.0023929999442771077,,,,,0.024570333072915673,Repo_SGD,synthetic,20x20,5,44
11,6.021551409561725,0.22617673759289864,0.002391124959103763,,,,,0.026961458032019436,Repo_SGD,synthetic,20x20,5,44
12,5.9854119312987155,0.22481929517716878,0.0025094999000430107,,,,,0.029470957932062447,Repo_SGD,synthetic,20x20,5,44
13,5.95814403746446,0.22379508017857752,0.0024147500516846776,,,,,0.031885707983747125,Repo_SGD,synthetic,20x20,5,44
14,5.936459911988933,0.22298059825788483,0.0024057079572230577,,,,,0.03429141594097018,Repo_SGD,synthetic,20x20,5,44
15,5.917641996034368,0.22227377462566564,0.0024127919459715486,,,,,0.03670420788694173,Repo_SGD,synthetic,20x20,5,44
