iteration,error,relative_error,iter_time,method,seed,rank,tier,cumulative_time,nnls_time,qubo_build_time,annealing_time,postprocess_time
1,190.32947756689072,0.5688831936394394,0.005534583004191518,Repo_ALS,42,5,primary,0.005534583004191518,,,,
2,149.9786309140755,0.4482769753943367,0.0033043749863281846,Repo_ALS,42,5,primary,0.008838957990519702,,,,
3,146.7672820460531,0.4386784495995663,0.004018499981611967,Repo_ALS,42,5,primary,0.01285745797213167,,,,
4,144.76727445253863,0.43270054895250665,0.0033248340478166938,Repo_ALS,42,5,primary,0.016182292019948363,,,,
5,143.8798250043462,0.4300480167082365,0.0039030000334605575,Repo_ALS,42,5,primary,0.02008529205340892,,,,
6,143.63346085457005,0.42931164929886517,0.0033633330604061484,Repo_ALS,42,5,primary,0.02344862511381507,,,,
7,143.57200921041132,0.4291279740845457,0.0038274999242275953,Repo_ALS,42,5,primary,0.027276125038042665,,,,
8,143.55558942678533,0.42907889635330076,0.0035526249557733536,Repo_ALS,42,5,primary,0.030828749993816018,,,,
9,143.5505546998768,0.4290638478618141,0.00339525006711483,Repo_ALS,42,5,primary,0.03422400006093085,,,,
10,143.54873552178134,0.42905841044950166,0.003873790963552892,Repo_ALS,42,5,primary,0.03809779102448374,,,,
11,143.54796628513947,0.42905611124812154,0.0033602090552449226,Repo_ALS,42,5,primary,0.04145800007972866,,,,
12,143.547595570596,0.4290550032049739,0.003922333009541035,Repo_ALS,42,5,primary,0.0453803330892697,,,,
13,143.5473970861153,0.4290544099469735,0.0033125830814242363,Repo_ALS,42,5,primary,0.048692916170693934,,,,
14,143.54728076054965,0.4290540622569566,0.0037204590626060963,Repo_ALS,42,5,primary,0.05241337523330003,,,,
15,143.5472065933601,0.429053840575753,0.0034221250098198652,Repo_ALS,42,5,primary,0.055835500243119895,,,,
1,173.80130446547278,0.5194814928668642,0.06369366694707423,Repo_SGD,42,5,primary,0.06369366694707423,,,,
2,170.54324195600097,0.5097433428484895,0.06289933295920491,Repo_SGD,42,5,primary,0.12659299990627915,,,,
3,169.73489553859926,0.5073272447360105,0.06265662505757064,Repo_SGD,42,5,primary,0.18924962496384978,,,,
4,168.83124712007336,0.5046262947579516,0.06080674997065216,Repo_SGD,42,5,primary,0.25005637493450195,,,,
5,167.07088732166764,0.4993646867460263,0.06078154197894037,Repo_SGD,42,5,primary,0.3108379169134423,,,,
6,163.9652544144131,0.4900821395067013,0.061633832985535264,Repo_SGD,42,5,primary,0.3724717498989776,,,,
7,159.74774454543714,0.4774762598808001,0.06024662498384714,Repo_SGD,42,5,primary,0.4327183748828247,,,,
8,155.19613727402626,0.4638717835072299,0.06141850003041327,Repo_SGD,42,5,primary,0.494136874913238,,,,
9,151.1159921373424,0.4516764786835019,0.06192733393982053,Repo_SGD,42,5,primary,0.5560642088530585,,,,
10,147.97707090650113,0.4422944346763877,0.06182158400770277,Repo_SGD,42,5,primary,0.6178857928607613,,,,
11,145.86849281826247,0.4359920234460843,0.06021983304526657,Repo_SGD,42,5,primary,0.6781056259060279,,,,
12,144.44319347597664,0.4317318906905221,0.060697542037814856,Repo_SGD,42,5,primary,0.7388031679438427,,,,
13,143.46591131764742,0.4288108539576714,0.06028029101435095,Repo_SGD,42,5,primary,0.7990834589581937,,,,
14,142.83173645351792,0.4269153439891482,0.06066883401945233,Repo_SGD,42,5,primary,0.859752292977646,,,,
15,142.38459643090238,0.42557886974815656,0.0633479580283165,Repo_SGD,42,5,primary,0.9231002510059625,,,,
1,165.14805243602154,0.49361745061334034,0.05862983304541558,NBMF_SA,42,5,primary,0.05862983304541558,0.0008557080291211605,0.0008836598135530949,0.05455000337678939,5.12909609824419e-05
2,159.5286922821461,0.47682152603343186,0.053204249939881265,NBMF_SA,42,5,primary,0.11183408298529685,0.0008305000374093652,0.0008214078843593597,0.05143312562722713,4.821282345801592e-05
3,158.68598546110084,0.47430272677129715,0.05321483395528048,NBMF_SA,42,5,primary,0.16504891694057733,0.0008317080792039633,0.0008506651502102613,0.05142907449044287,4.907860420644283e-05
4,158.33525158456166,0.47325440461776724,0.058226500055752695,NBMF_SA,42,5,primary,0.22327541699633002,0.0007946670521050692,0.0009486153721809387,0.056356039945967495,5.795725155621767e-05
5,158.1541871317861,0.4727132140178333,0.05631720903329551,NBMF_SA,42,5,primary,0.27959262602962554,0.0008856670465320349,0.0009765749564394355,0.05432074365671724,6.245635449886322e-05
6,157.99071819351516,0.4722246153369919,0.05235258303582668,NBMF_SA,42,5,primary,0.3319452090654522,0.0008704159408807755,0.000854620011523366,0.05050279258284718,5.066883750259876e-05
7,157.75746967965293,0.47152744976298894,0.052484125015325844,NBMF_SA,42,5,primary,0.38442933408077806,0.0009090830571949482,0.0008803376695141196,0.050584248383529484,5.195254925638437e-05
8,157.6203395389445,0.47111757614074345,0.050985624897293746,NBMF_SA,42,5,primary,0.4354149589780718,0.0008278329623863101,0.0008370822761207819,0.04921515996102244,4.9625872634351254e-05
9,157.5034362817058,0.47076815943884853,0.05129462503828108,NBMF_SA,42,5,primary,0.4867095840163529,0.0008196670096367598,0.0008392044110223651,0.049533535609953105,4.6832021325826645e-05
10,157.5034362817058,0.47076815943884853,0.0497657919768244,NBMF_SA,42,5,primary,0.5364753759931773,0.0008330000564455986,0.0008201657328754663,0.04801274824421853,4.546192940324545e-05
11,157.5034362817058,0.47076815943884853,0.051762333954684436,NBMF_SA,42,5,primary,0.5882377099478617,0.0008255420252680779,0.0008963783038780093,0.04990058392286301,6.73722242936492e-05
12,157.5034362817058,0.47076815943884853,0.05389858304988593,NBMF_SA,42,5,primary,0.6421362929977477,0.0012424170272424817,0.0009526202920824289,0.051597665064036846,5.0078146159648895e-05
13,157.5034362817058,0.47076815943884853,0.05264566699042916,NBMF_SA,42,5,primary,0.6947819599881768,0.0008030000608414412,0.0008905408903956413,0.05084899067878723,4.8370915465056896e-05
14,157.5034362817058,0.47076815943884853,0.0930675829295069,NBMF_SA,42,5,primary,0.7878495429176837,0.0008172499947249889,0.0015556267462670803,0.09046628698706627,0.00012287544086575508
15,157.5034362817058,0.47076815943884853,0.05890166596509516,NBMF_SA,42,5,primary,0.8467512088827789,0.0009719579247757792,0.0010292897932231426,0.056769620277918875,6.754591595381498e-05
1,165.15091330498373,0.4936260015760845,0.2419800830539316,NBMF_PathIntegral,42,5,primary,0.2419800830539316,0.0009234580211341381,0.0010369138326495886,0.2398980372818187,5.1380135118961334e-05
2,159.46589492366186,0.4766338285611153,0.24375174997840077,NBMF_PathIntegral,42,5,primary,0.48573183303233236,0.0008644169429317117,0.0009922088356688619,0.24178054183721542,5.533010698854923e-05
3,158.72725183077063,0.4744260694319704,0.24441345792729408,NBMF_PathIntegral,42,5,primary,0.7301452909596264,0.0008603330934420228,0.0010093768360093236,0.24241508112754673,5.778891500085592e-05
4,158.21054723692652,0.4728816709327369,0.2633369159884751,NBMF_PathIntegral,42,5,primary,0.9934822069481015,0.0008389590075239539,0.001028830069117248,0.26132583036087453,6.250024307519197e-05
5,157.98489628319533,0.4722072140023265,0.2603421669919044,NBMF_PathIntegral,42,5,primary,1.253824373940006,0.0008759170304983854,0.0011508776806294918,0.2581832016585395,6.779644172638655e-05
6,157.89888284741798,0.47195012509173606,0.24749529198743403,NBMF_PathIntegral,42,5,primary,1.50131966592744,0.0008352919248864055,0.0010493288282305002,0.24547733587678522,6.366393063217402e-05
7,157.8125838968603,0.47169218279489067,0.24521916592493653,NBMF_PathIntegral,42,5,primary,1.7465388318523765,0.0008243339834734797,0.00100528949405998,0.24326324765570462,6.349710747599602e-05
8,157.61593475308877,0.4711044105046216,0.251444875029847,NBMF_PathIntegral,42,5,primary,1.9979837068822235,0.0008157079573720694,0.0010581574169918895,0.24944545805919915,6.187357939779758e-05
9,157.46210324220996,0.4706446175061337,0.2524901250144467,NBMF_PathIntegral,42,5,primary,2.25047383189667,0.000813000020571053,0.0010620453394949436,0.2504030844429508,7.55825312808156e-05
10,157.4057178052936,0.4704760848760976,0.2514842079253867,NBMF_PathIntegral,42,5,primary,2.501958039822057,0.0008872919715940952,0.0010370779782533646,0.24943691049702466,5.65042719244957e-05
11,157.34469222727782,0.4702936831474789,0.2507029169937596,NBMF_PathIntegral,42,5,primary,2.7526609568158165,0.0008359580533578992,0.0011092881904914975,0.2486310841049999,6.00453931838274e-05
12,157.34469222727782,0.4702936831474789,0.24780054204165936,NBMF_PathIntegral,42,5,primary,3.000461498857476,0.0008182500023394823,0.001010949956253171,0.2458316186675802,6.107962690293789e-05
13,157.34469222727782,0.4702936831474789,0.24362583295442164,NBMF_PathIntegral,42,5,primary,3.2440873318118975,0.0009619999909773469,0.0010505443206056952,0.24149361869785935,5.7333498261868954e-05
14,157.34469222727782,0.4702936831474789,0.25065754202660173,NBMF_PathIntegral,42,5,primary,3.494744873838499,0.0009078329894691706,0.0010864156065508723,0.2485387910855934,6.245833355933428e-05
15,157.34469222727782,0.4702936831474789,0.24337804201059043,NBMF_PathIntegral,42,5,primary,3.7381229158490896,0.0008359159110113978,0.0010343793546780944,0.24138678889721632,6.0876598581671715e-05
1,174.58079300783294,0.5218113365518885,3.9291917346417904e-05,NMF_MU,42,5,supplemental,3.9291917346417904e-05,,,,
2,172.85606259029444,0.5166562225851014,3.258395008742809e-05,NMF_MU,42,5,supplemental,7.1875867433846e-05,,,,
3,171.65789597460184,0.5130749756886094,3.116705920547247e-05,NMF_MU,42,5,supplemental,0.00010304292663931847,,,,
4,170.68921650507366,0.510179651867608,3.004202153533697e-05,NMF_MU,42,5,supplemental,0.00013308494817465544,,,,
5,169.8677665777746,0.5077243881636843,3.1082890927791595e-05,NMF_MU,42,5,supplemental,0.00016416783910244703,,,,
6,169.13941492491267,0.5055473895207544,3.0374969355762005e-05,NMF_MU,42,5,supplemental,0.00019454280845820904,,,,
7,168.46672881937735,0.503536771801808,3.02919652312994e-05,NMF_MU,42,5,supplemental,0.00022483477368950844,,,,
8,167.82281568582323,0.50161215474025,2.9957969672977924e-05,NMF_MU,42,5,supplemental,0.00025479274336248636,,,,
9,167.18786744041932,0.4997143331822931,3.004097379744053e-05,NMF_MU,42,5,supplemental,0.0002848337171599269,,,,
10,166.54722485918478,0.4977994916020337,2.9666000045835972e-05,NMF_MU,42,5,supplemental,0.00031449971720576286,,,,
11,165.89033010172014,0.4958360732588075,2.9499991796910763e-05,NMF_MU,42,5,supplemental,0.0003439997090026736,,,,
12,165.210196566205,0.49380319562612895,2.9582995921373367e-05,NMF_MU,42,5,supplemental,0.000373582704924047,,,,
13,164.50315266057308,0.49168988453936974,3.0250055715441704e-05,NMF_MU,42,5,supplemental,0.0004038327606394887,,,,
14,163.76868410020813,0.4894946028331962,3.0125025659799576e-05,NMF_MU,42,5,supplemental,0.00043395778629928827,,,,
15,163.00924639209887,0.4872246898681507,2.9959017410874367e-05,NMF_MU,42,5,supplemental,0.00046391680371016264,,,,
1,171.07015770053397,0.5113182618539993,0.003626000019721687,Repo_ALS,43,5,primary,0.003626000019721687,,,,
2,148.5212365543019,0.44392091259009386,0.0034631669986993074,Repo_ALS,43,5,primary,0.007089167018420994,,,,
3,145.29409693226708,0.434275189195207,0.003611417021602392,Repo_ALS,43,5,primary,0.010700584040023386,,,,
4,144.36200890494183,0.43148923496196684,0.003564292099326849,Repo_ALS,43,5,primary,0.014264876139350235,,,,
5,144.0164426779418,0.43045635859755493,0.0036531250225380063,Repo_ALS,43,5,primary,0.017918001161888242,,,,
6,143.83186935773588,0.4299046802069994,0.0035098749212920666,Repo_ALS,43,5,primary,0.02142787608318031,,,,
7,143.7227904984508,0.4295786501531059,0.0036582080647349358,Repo_ALS,43,5,primary,0.025086084147915244,,,,
8,143.65801202253985,0.42938503124169813,0.0035830000415444374,Repo_ALS,43,5,primary,0.02866908418945968,,,,
9,143.61974063831292,0.42927064040974533,0.0033467920729890466,Repo_ALS,43,5,primary,0.03201587626244873,,,,
10,143.5970547733932,0.4292028337438995,0.0037036670837551355,Repo_ALS,43,5,primary,0.035719543346203864,,,,
11,143.58342422082612,0.4291620928540774,0.0034796249819919467,Repo_ALS,43,5,primary,0.03919916832819581,,,,
12,143.57504409958273,0.4291370451830757,0.003479457926005125,Repo_ALS,43,5,primary,0.042678626254200935,,,,
13,143.56972509651544,0.4291211470074984,0.0033649589167907834,Repo_ALS,43,5,primary,0.04604358517099172,,,,
14,143.56621021826945,0.4291106412509157,0.0033640830079093575,Repo_ALS,43,5,primary,0.049407668178901076,,,,
15,143.56377463552053,0.42910336144271,0.003529416979290545,Repo_ALS,43,5,primary,0.05293708515819162,,,,
1,173.81078158281446,0.5195098193922597,0.06061179202515632,Repo_SGD,43,5,primary,0.06061179202515632,,,,
2,170.56137417878847,0.5097975389558871,0.06310233403928578,Repo_SGD,43,5,primary,0.1237141260644421,,,,
3,169.72800570918417,0.5073066514563389,0.06156099995132536,Repo_SGD,43,5,primary,0.18527512601576746,,,,
4,168.85894375229404,0.5047090783014794,0.0608609999762848,Repo_SGD,43,5,primary,0.24613612599205226,,,,
5,167.1212043098748,0.49951508115319604,0.062340375036001205,Repo_SGD,43,5,primary,0.30847650102805346,,,,
6,163.94109123978316,0.49000991725228404,0.06173533305991441,Repo_SGD,43,5,primary,0.3702118340879679,,,,
7,159.2370137559713,0.47594971671830333,0.0608242501039058,Repo_SGD,43,5,primary,0.43103608419187367,,,,
8,154.38015871770494,0.4614328733972695,0.061110250069759786,Repo_SGD,43,5,primary,0.49214633426163346,,,,
9,150.57053770213182,0.45004614866287573,0.0605425420217216,Repo_SGD,43,5,primary,0.5526888762833551,,,,
10,147.7998049474204,0.44176459754230546,0.06374137499369681,Repo_SGD,43,5,primary,0.6164302512770519,,,,
11,145.9891432182307,0.4363526401289294,0.060313208028674126,Repo_SGD,43,5,primary,0.676743459305726,,,,
12,144.77680621277523,0.43272903880218055,0.06106595799792558,Repo_SGD,43,5,primary,0.7378094173036516,,,,
13,143.92924749772067,0.43019573752493767,0.06061054102610797,Repo_SGD,43,5,primary,0.7984199583297595,,,,
14,143.34608327014996,0.4284526952361776,0.06189450004603714,Repo_SGD,43,5,primary,0.8603144583757967,,,,
15,142.9399314790297,0.42723873231782894,0.06338604202028364,Repo_SGD,43,5,primary,0.9237005003960803,,,,
1,167.26328189678614,0.49993974239022543,0.05708016699645668,NBMF_SA,43,5,primary,0.05708016699645668,0.0008330000564455986,0.0009684487013146281,0.05515587271656841,5.474349018186331e-05
2,160.67644271928793,0.4802520820488701,0.051931208930909634,NBMF_SA,43,5,primary,0.10901137592736632,0.0008138749981299043,0.0008645822526887059,0.050154379568994045,4.962191451340914e-05
3,157.9894997824294,0.4722209735806097,0.05241408303845674,NBMF_SA,43,5,primary,0.16142545896582305,0.0008558750851079822,0.000897078076377511,0.050561921671032906,5.145510658621788e-05
4,157.0515612848566,0.46941753264882313,0.05163166602142155,NBMF_SA,43,5,primary,0.2130571249872446,0.0008256250293925405,0.0008956996025517583,0.049809365067631006,4.8831338062882423e-05
5,156.65403718196237,0.4682293573640796,0.05268970795441419,NBMF_SA,43,5,primary,0.2657468329416588,0.0008927499875426292,0.0008625716436654329,0.05082257988397032,4.912121221423149e-05
6,156.53598631276202,0.46787651052006407,0.05298895901069045,NBMF_SA,43,5,primary,0.31873579195234925,0.0008383749518543482,0.0008490008767694235,0.05116911942604929,7.682829163968563e-05
7,156.41209853214863,0.467506217504031,0.05132150009740144,NBMF_SA,43,5,primary,0.3700572920497507,0.0007933339802548289,0.0008791179861873388,0.049536826089024544,5.5702985264360905e-05
8,156.35439497230612,0.4673337450850068,0.052005167002789676,NBMF_SA,43,5,primary,0.42206245905254036,0.0008406660053879023,0.0009774905629456043,0.05007487034890801,5.632499232888222e-05
9,156.35439497230612,0.4673337450850068,0.052621916052885354,NBMF_SA,43,5,primary,0.4746843751054257,0.0014414590550586581,0.0008917495142668486,0.05017587880138308,5.2625429816544056e-05
10,156.35439497230612,0.4673337450850068,0.051660708035342395,NBMF_SA,43,5,primary,0.5263450831407681,0.0008870420278981328,0.0008548427140340209,0.04981937981210649,4.762073513120413e-05
11,156.35439497230612,0.4673337450850068,0.05118245806079358,NBMF_SA,43,5,primary,0.5775275412015617,0.0008442499674856663,0.0008910010801628232,0.049343666643835604,5.166104529052973e-05
12,156.35439497230612,0.4673337450850068,0.05096604197751731,NBMF_SA,43,5,primary,0.628493583179079,0.0008349170675501227,0.0008242041803896427,0.04921236983500421,4.7207227908074856e-05
13,156.35439497230612,0.4673337450850068,0.05333933304063976,NBMF_SA,43,5,primary,0.6818329162197188,0.0008352498989552259,0.0008136250544339418,0.051582660409621894,4.720583092421293e-05
14,156.35439497230612,0.4673337450850068,0.05443966609891504,NBMF_SA,43,5,primary,0.7362725823186338,0.0008457920048385859,0.0009362370474264026,0.05254274362232536,5.3539639338850975e-05
15,156.35439497230612,0.4673337450850068,0.05355566693469882,NBMF_SA,43,5,primary,0.7898282492533326,0.0008578749839216471,0.0008943201974034309,0.05168487201444805,5.895271897315979e-05
1,167.25638914777232,0.4999191403840514,0.2461520000360906,NBMF_PathIntegral,43,5,primary,0.2461520000360906,0.0008805000688880682,0.00108795624691993,0.2440217937109992,9.945500642061234e-05
2,160.79936821842796,0.4806194988643023,0.2459114579251036,NBMF_PathIntegral,43,5,primary,0.4920634579611942,0.0008297080639749765,0.0010083637898787856,0.24394771398510784,5.77123137190938e-05
3,157.7847896396108,0.47160910745610946,0.2436828330392018,NBMF_PathIntegral,43,5,primary,0.735746291000396,0.0008042079862207174,0.0010158399818465114,0.24173979135230184,5.741650238633156e-05
4,156.85088253664227,0.4688177161167801,0.24920237506739795,NBMF_PathIntegral,43,5,primary,0.984948666067794,0.0008595830295234919,0.0010721997823566198,0.24713741173036397,6.108777597546577e-05
5,156.5179353400224,0.4678225572641014,0.24532424996141344,NBMF_PathIntegral,43,5,primary,1.2302729160292074,0.0008605420589447021,0.0010759530123323202,0.24326804222073406,5.908263847231865e-05
6,156.3171901448513,0.4672225421261595,0.24689995893277228,NBMF_PathIntegral,43,5,primary,1.4771728749619797,0.0008346670074388385,0.0010547975543886423,0.2448902006726712,5.853804759681225e-05
7,156.3171901448513,0.4672225421261595,0.24499666702467948,NBMF_PathIntegral,43,5,primary,1.7221695419866592,0.0008481249678879976,0.0010457070311531425,0.24296982737723738,5.762104410678148e-05
8,156.3171901448513,0.4672225421261595,0.2434154999209568,NBMF_PathIntegral,43,5,primary,1.965585041907616,0.0008500000694766641,0.001015497837215662,0.24141933501232415,5.449855234473944e-05
9,156.3171901448513,0.4672225421261595,0.24394879199098796,NBMF_PathIntegral,43,5,primary,2.209533833898604,0.0009732499020174146,0.0010030397679656744,0.24185015575494617,5.420530214905739e-05
10,156.3171901448513,0.4672225421261595,0.24767220800276846,NBMF_PathIntegral,43,5,primary,2.4572060419013724,0.0008344999514520168,0.000993374502286315,0.24568266433198005,9.870890062302351e-05
11,156.3171901448513,0.4672225421261595,0.24230862502008677,NBMF_PathIntegral,43,5,primary,2.699514666921459,0.0008415839402005076,0.0009642943041399121,0.24039308400824666,5.1621231250464916e-05
12,156.3171901448513,0.4672225421261595,0.2438410420436412,NBMF_PathIntegral,43,5,primary,2.9433557089651003,0.0008249579695984721,0.000983414938673377,0.24190491461195052,5.599705036729574e-05
13,156.3171901448513,0.4672225421261595,0.2441548330243677,NBMF_PathIntegral,43,5,primary,3.187510541989468,0.0008384999819099903,0.0010122040985152125,0.24218366388231516,5.4545700550079346e-05
14,156.3171901448513,0.4672225421261595,0.247762041981332,NBMF_PathIntegral,43,5,primary,3.4352725839708,0.0008081250125542283,0.001062877825461328,0.24575878703035414,5.995691753923893e-05
15,156.3171901448513,0.4672225421261595,0.24561949993949383,NBMF_PathIntegral,43,5,primary,3.680892083910294,0.000904416898265481,0.0009627403924241662,0.24363757914397866,5.138095002621412e-05
1,173.97010242896522,0.5199860196788902,4.012498538941145e-05,NMF_MU,43,5,supplemental,4.012498538941145e-05,,,,
2,172.586715630496,0.5158511609590936,3.7624966353178024e-05,NMF_MU,43,5,supplemental,7.774995174258947e-05,,,,
3,171.58645223013215,0.5128614346962258,3.095902502536774e-05,NMF_MU,43,5,supplemental,0.00010870897676795721,,,,
4,170.7611521355501,0.5103946630772486,3.0458089895546436e-05,NMF_MU,43,5,supplemental,0.00013916706666350365,,,,
5,170.0517593318604,0.5082743312775356,2.9708025977015495e-05,NMF_MU,43,5,supplemental,0.00016887509264051914,,,,
6,169.41759386317307,0.5063788493914158,2.9999995604157448e-05,NMF_MU,43,5,supplemental,0.0001988750882446766,,,,
7,168.8292312457772,0.5046202694326987,3.0082999728620052e-05,NMF_MU,43,5,supplemental,0.00022895808797329664,,,,
8,168.26436785512877,0.5029319272286954,3.7917052395641804e-05,NMF_MU,43,5,supplemental,0.00026687514036893845,,,,
9,167.70539878300562,0.5012612027830649,3.0166935175657272e-05,NMF_MU,43,5,supplemental,0.0002970420755445957,,,,
10,167.13804754756057,0.4995654245627846,3.108300734311342e-05,NMF_MU,43,5,supplemental,0.00032812508288770914,,,,
11,166.55068819877567,0.4978098433127215,3.316602669656277e-05,NMF_MU,43,5,supplemental,0.0003612911095842719,,,,
12,165.93414895205152,0.4959670451284138,3.1542032957077026e-05,NMF_MU,43,5,supplemental,0.00039283314254134893,,,,
13,165.28184600365503,0.4940173514222784,2.920802216976881e-05,NMF_MU,43,5,supplemental,0.00042204116471111774,,,,
14,164.59010226148746,0.4919497715904255,2.9957969672977924e-05,NMF_MU,43,5,supplemental,0.00045199913438409567,,,,
15,163.8584873518839,0.4897630192722344,3.0082999728620052e-05,NMF_MU,43,5,supplemental,0.0004820821341127157,,,,
1,186.8558433193018,0.5585007128510433,0.00334679102525115,Repo_ALS,44,5,primary,0.00334679102525115,,,,
2,148.27876353617037,0.443196175535753,0.00392179109621793,Repo_ALS,44,5,primary,0.0072685821214690804,,,,
3,144.89609719681872,0.43308559227378457,0.0033427500165998936,Repo_ALS,44,5,primary,0.010611332138068974,,,,
4,144.0754742388811,0.43063280033081647,0.003337083966471255,Repo_ALS,44,5,primary,0.013948416104540229,,,,
5,143.83048394195765,0.4299005392837829,0.003889207961037755,Repo_ALS,44,5,primary,0.017837624065577984,,,,
6,143.73753416234845,0.4296227180647677,0.0033013749634847045,Repo_ALS,44,5,primary,0.02113899902906269,,,,
7,143.69676060171173,0.4295008483802207,0.003825874999165535,Repo_ALS,44,5,primary,0.024964874028228223,,,,
8,143.67731186019867,0.42944271727869265,0.003327749902382493,Repo_ALS,44,5,primary,0.028292623930610716,,,,
9,143.66733887196284,0.42941290862545484,0.0038430410204455256,Repo_ALS,44,5,primary,0.03213566495105624,,,,
10,143.66173283220166,0.42939615251471586,0.0033599999733269215,Repo_ALS,44,5,primary,0.03549566492438316,,,,
11,143.65816805871947,0.42938549762431694,0.0032781660556793213,Repo_ALS,44,5,primary,0.038773830980062485,,,,
12,143.65555635632734,0.42937769140524534,0.003883875091560185,Repo_ALS,44,5,primary,0.04265770607162267,,,,
13,143.65338004258956,0.42937118653629214,0.0032908329740166664,Repo_ALS,44,5,primary,0.045948539045639336,,,,
14,143.6513899539376,0.4293652382827561,0.00389241601806134,Repo_ALS,44,5,primary,0.049840955063700676,,,,
15,143.6494652039245,0.4293594853224243,0.003309749998152256,Repo_ALS,44,5,primary,0.05315070506185293,,,,
1,173.6230624034571,0.5189487382206759,0.06294737500138581,Repo_SGD,44,5,primary,0.06294737500138581,,,,
2,170.5446965063191,0.5097476904106268,0.0626751659438014,Repo_SGD,44,5,primary,0.1256225409451872,,,,
3,169.8459972364079,0.5076593209308077,0.06286795798223466,Repo_SGD,44,5,primary,0.18849049892742187,,,,
4,169.09593940866634,0.5054174438557765,0.06110737507697195,Repo_SGD,44,5,primary,0.24959787400439382,,,,
5,167.67783981568067,0.5011788307115096,0.06060429208446294,Repo_SGD,44,5,primary,0.31020216608885676,,,,
6,164.98758596798402,0.4931378261328016,0.06122391694225371,Repo_SGD,44,5,primary,0.37142608303111047,,,,
7,160.87270790924498,0.48083870672461837,0.061334499972872436,Repo_SGD,44,5,primary,0.4327605830039829,,,,
8,155.98545590095972,0.46623100871516543,0.060539625003002584,Repo_SGD,44,5,primary,0.4933002080069855,,,,
9,151.51653236761777,0.4528736689889292,0.06261516700033098,Repo_SGD,44,5,primary,0.5559153750073165,,,,
10,148.01839581236496,0.44241795229817277,0.06237804202828556,Repo_SGD,44,5,primary,0.618293417035602,,,,
11,145.64968617993677,0.43533802375674824,0.06083095807116479,Repo_SGD,44,5,primary,0.6791243751067668,,,,
12,144.05070557526363,0.43055876830676526,0.06149262492544949,Repo_SGD,44,5,primary,0.7406170000322163,,,,
13,142.90105044954595,0.427122519293407,0.060412875027395785,Repo_SGD,44,5,primary,0.8010298750596121,,,,
14,142.0165018435931,0.42447865748956776,0.06634795793797821,Repo_SGD,44,5,primary,0.8673778329975903,,,,
15,141.38656597113868,0.42259581760847803,0.06673858396243304,Repo_SGD,44,5,primary,0.9341164169600233,,,,
1,167.78915987713776,0.5015115595819263,0.0588185420492664,NBMF_SA,44,5,primary,0.0588185420492664,0.001335207954980433,0.0010077449260279536,0.05635450500994921,5.816307384520769e-05
2,159.98800365593613,0.4781943797003304,0.0517291669966653,NBMF_SA,44,5,primary,0.1105477090459317,0.0008199160220101476,0.0009456195402890444,0.0498586226021871,5.533290095627308e-05
3,157.6562957262881,0.4712250469904963,0.05061045789625496,NBMF_SA,44,5,primary,0.16115816694218665,0.0009365000296384096,0.0008170827059075236,0.04876128141768277,4.6914094127714634e-05
4,157.35965880614847,0.4703384173383916,0.05128091701772064,NBMF_SA,44,5,primary,0.2124390839599073,0.0009432081133127213,0.0008922958513721824,0.04933682968840003,4.791305400431156e-05
5,157.22427500436208,0.46993376341661414,0.051446291035972536,NBMF_SA,44,5,primary,0.26388537499587983,0.0008600839646533132,0.000851378426887095,0.04963991662953049,4.732771776616573e-05
6,157.08377374121346,0.4695138137151168,0.051798666012473404,NBMF_SA,44,5,primary,0.31568404100835323,0.0008366670226678252,0.0008376630721613765,0.05001920706126839,4.766171332448721e-05
7,156.92551821453387,0.4690407976033748,0.05226862500421703,NBMF_SA,44,5,primary,0.36795266601257026,0.0007990000303834677,0.00090666429605335,0.05045366659760475,5.220412276685238e-05
8,156.92551821453387,0.4690407976033748,0.050992708071134984,NBMF_SA,44,5,primary,0.41894537408370525,0.00084687490016222,0.0009020905708894134,0.04913683235645294,4.7042849473655224e-05
9,156.92551821453387,0.4690407976033748,0.051417000009678304,NBMF_SA,44,5,primary,0.47036237409338355,0.0008464999264106154,0.0008557051187381148,0.04960879287682474,4.861236084252596e-05
10,156.92551821453387,0.4690407976033748,0.05204287497326732,NBMF_SA,44,5,primary,0.5224052490666509,0.0008819159120321274,0.0008827451383695006,0.05016007868107408,6.938038859516382e-05
11,156.92551821453387,0.4690407976033748,0.05270487500820309,NBMF_SA,44,5,primary,0.575110124074854,0.0008196249837055802,0.0008674151031300426,0.05091445508878678,4.920223727822304e-05
12,156.92551821453387,0.4690407976033748,0.05395758408121765,NBMF_SA,44,5,primary,0.6290677081560716,0.0011446670396253467,0.0009130827384069562,0.0517910000635311,4.9496302381157875e-05
13,156.92551821453387,0.4690407976033748,0.05253649991936982,NBMF_SA,44,5,primary,0.6816042080754414,0.0008688749512657523,0.0008169163484126329,0.050748744048178196,4.5127118937671185e-05
14,156.92551821453387,0.4690407976033748,0.05231266701593995,NBMF_SA,44,5,primary,0.7339168750913814,0.0008137499680742621,0.0008870009332895279,0.05050265847239643,5.104381125420332e-05
15,156.92551821453387,0.4690407976033748,0.05189379199873656,NBMF_SA,44,5,primary,0.7858106670901179,0.0008166669867932796,0.0008980799466371536,0.05006624653469771,5.383102688938379e-05
1,167.78915987713776,0.5015115595819263,0.24898958392441273,NBMF_PathIntegral,44,5,primary,0.24898958392441273,0.0008215829730033875,0.000981582677923143,0.2470698298420757,5.642930045723915e-05
2,159.98800365593613,0.4781943797003304,0.24702087498735636,NBMF_PathIntegral,44,5,primary,0.4960104589117691,0.0008219589944928885,0.001001617289148271,0.24507770186755806,5.757738836109638e-05
3,157.6562957262881,0.4712250469904963,0.24587362504098564,NBMF_PathIntegral,44,5,primary,0.7418840839527547,0.0008218330331146717,0.0011354556772857904,0.2437689525540918,7.279426790773869e-05
4,157.35965880614847,0.4703384173383916,0.24886229098774493,NBMF_PathIntegral,44,5,primary,0.9907463749404997,0.0009061250602826476,0.0010129202855750918,0.24681396398227662,5.670206155627966e-05
5,157.22427500436208,0.46993376341661414,0.25007037492468953,NBMF_PathIntegral,44,5,primary,1.2408167498651892,0.0008271669503301382,0.0010950794676318765,0.24801949900574982,6.49190042167902e-05
6,157.08377374121346,0.4695138137151168,0.2470079589402303,NBMF_PathIntegral,44,5,primary,1.4878247088054195,0.0008075829828158021,0.0010901717469096184,0.24498153943568468,6.275437772274017e-05
7,156.92551821453387,0.4690407976033748,0.24900041706860065,NBMF_PathIntegral,44,5,primary,1.7368251258740202,0.0008327499963343143,0.0009637917391955853,0.24708583462052047,5.49176475033164e-05
8,156.92551821453387,0.4690407976033748,0.24728112504817545,NBMF_PathIntegral,44,5,primary,1.9841062509221956,0.0008225829806178808,0.001069835852831602,0.2452594964997843,6.30808062851429e-05
9,156.92551821453387,0.4690407976033748,0.24384329200256616,NBMF_PathIntegral,44,5,primary,2.2279495429247618,0.000892958021722734,0.0010065835667774081,0.24181782884988934,5.8535835705697536e-05
10,156.92551821453387,0.4690407976033748,0.3180361669510603,NBMF_PathIntegral,44,5,primary,2.545985709875822,0.0008044160204008222,0.001488075708039105,0.31559345545247197,8.358270861208439e-05
11,156.92551821453387,0.4690407976033748,0.24278179090470076,NBMF_PathIntegral,44,5,primary,2.788767500780523,0.0007956660119816661,0.0010679473634809256,0.24079341487959027,5.883642006665468e-05
12,156.92551821453387,0.4690407976033748,0.2566759579349309,NBMF_PathIntegral,44,5,primary,3.0454434587154537,0.0007968329591676593,0.001214632298797369,0.25451287208124995,8.045404683798552e-05
13,156.92551821453387,0.4690407976033748,0.24789970892015845,NBMF_PathIntegral,44,5,primary,3.293343167635612,0.0008541659917682409,0.0011388377752155066,0.2457554112188518,7.54563370719552e-05
14,156.92551821453387,0.4690407976033748,0.250924542080611,NBMF_PathIntegral,44,5,primary,3.544267709716223,0.000942958053201437,0.0011044582352042198,0.2487480869749561,6.220827344805002e-05
15,156.92551821453387,0.4690407976033748,0.24853941693436354,NBMF_PathIntegral,44,5,primary,3.7928071266505867,0.000842957990244031,0.001112041063606739,0.2464498650515452,6.070476956665516e-05
1,173.69570955326049,0.5191658761181643,4.566693678498268e-05,NMF_MU,44,5,supplemental,4.566693678498268e-05,,,,
2,172.32386609346318,0.5150655197332287,3.550003748387098e-05,NMF_MU,44,5,supplemental,8.116697426885366e-05,,,,
3,171.29541360042433,0.5119915379925875,3.4624943509697914e-05,NMF_MU,44,5,supplemental,0.00011579191777855158,,,,
4,170.42773055507934,0.5093980863201887,3.341701813042164e-05,NMF_MU,44,5,supplemental,0.00014920893590897322,,,,
5,169.65876207559654,0.5070996864611206,3.37500823661685e-05,NMF_MU,44,5,supplemental,0.00018295901827514172,,,,
6,168.94653314889612,0.5049708776628024,3.270898014307022e-05,NMF_MU,44,5,supplemental,0.00021566799841821194,,,,
7,168.26155448290407,0.5029235182308011,3.3415970392525196e-05,NMF_MU,44,5,supplemental,0.00024908396881073713,,,,
8,167.58284554379904,0.5008948986298566,3.258301876485348e-05,NMF_MU,44,5,supplemental,0.0002816669875755906,,,,
9,166.89584717869533,0.4988415024404623,3.3624935895204544e-05,NMF_MU,44,5,supplemental,0.00031529192347079515,,,,
10,166.19133677837135,0.49673576384646206,3.141607157886028e-05,NMF_MU,44,5,supplemental,0.00034670799504965544,,,,
11,165.4648055400357,0.494564206311461,3.374996595084667e-05,NMF_MU,44,5,supplemental,0.0003804579610005021,,,,
12,164.71594118929434,0.4923258964663517,3.308302257210016e-05,NMF_MU,44,5,supplemental,0.00041354098357260227,,,,
13,163.94798981804686,0.49003053668173024,3.26669542118907e-05,NMF_MU,44,5,supplemental,0.00044620793778449297,,,,
14,163.1669022160795,0.48769591350512226,3.300001844763756e-05,NMF_MU,44,5,supplemental,0.00047920795623213053,,,,
15,162.38031082858507,0.4853448398494409,3.279105294495821e-05,NMF_MU,44,5,supplemental,0.0005119990091770887,,,,
1,167.04582885917986,0.4992897885308366,0.0036249589174985886,Repo_ALS,45,5,primary,0.0036249589174985886,,,,
2,149.8420098253738,0.4478686232974745,0.0034244999988004565,Repo_ALS,45,5,primary,0.007049458916299045,,,,
3,148.03022895968863,0.44245332085340844,0.003779000020585954,Repo_ALS,45,5,primary,0.010828458936885,,,,
4,146.638146194748,0.43829247042049785,0.0034402080345898867,Repo_ALS,45,5,primary,0.014268666971474886,,,,
5,145.31317252741627,0.4343322049850246,0.0037264999700710177,Repo_ALS,45,5,primary,0.017995166941545904,,,,
6,144.40013550269518,0.43160319303598565,0.003939334070309997,Repo_ALS,45,5,primary,0.0219345010118559,,,,
7,143.92836433532563,0.43019309780643367,0.0043272089678794146,Repo_ALS,45,5,primary,0.026261709979735315,,,,
8,143.71677610998137,0.4295606735129973,0.00399583310354501,Repo_ALS,45,5,primary,0.030257543083280325,,,,
9,143.6252041279865,0.4292869704469716,0.0033854589564725757,Repo_ALS,45,5,primary,0.0336430020397529,,,,
10,143.5849241448726,0.42916657603551983,0.0037983329966664314,Repo_ALS,45,5,primary,0.03744133503641933,,,,
11,143.56652392879275,0.4291115789125257,0.0032379580661654472,Repo_ALS,45,5,primary,0.04067929310258478,,,,
12,143.55772352787986,0.42908527505123933,0.0035251249792054296,Repo_ALS,45,5,primary,0.04420441808179021,,,,
13,143.55330514393415,0.42907206877125637,0.0034398329444229603,Repo_ALS,45,5,primary,0.04764425102621317,,,,
14,143.55097552928942,0.4290651056952474,0.00326625001616776,Repo_ALS,45,5,primary,0.05091050104238093,,,,
15,143.54968585722807,0.4290612509441579,0.003456625039689243,Repo_ALS,45,5,primary,0.05436712608207017,,,,
1,173.75860492093912,0.5193538665339819,0.06174320797435939,Repo_SGD,45,5,primary,0.06174320797435939,,,,
2,170.5231417798882,0.5096832646486966,0.08218420809134841,Repo_SGD,45,5,primary,0.1439274160657078,,,,
3,169.6036155042032,0.5069348567245314,0.08208791690412909,Repo_SGD,45,5,primary,0.2260153329698369,,,,
4,168.56246906333666,0.5038229335484783,0.06421991693787277,Repo_SGD,45,5,primary,0.29023524990770966,,,,
5,166.61878205072512,0.49801337168078835,0.06578699999954551,Repo_SGD,45,5,primary,0.3560222499072552,,,,
6,163.36940145854112,0.4883011713833752,0.06206995795946568,Repo_SGD,45,5,primary,0.41809220786672086,,,,
7,159.15552049966047,0.4757061383482955,0.061292750062420964,Repo_SGD,45,5,primary,0.4793849579291418,,,,
8,154.85152769541477,0.46284176650647213,0.06048049998935312,Repo_SGD,45,5,primary,0.5398654579184949,,,,
9,150.94460473439486,0.4511642121949644,0.06063258298672736,Repo_SGD,45,5,primary,0.6004980409052223,,,,
10,147.74640598271452,0.4416049912954579,0.06109495903365314,Repo_SGD,45,5,primary,0.6615929999388754,,,,
11,145.44388562493418,0.4347228984567721,0.06025829107966274,Repo_SGD,45,5,primary,0.7218512910185382,,,,
12,143.95182896039472,0.4302632321388424,0.05986766691785306,Repo_SGD,45,5,primary,0.7817189579363912,,,,
13,143.04353404925592,0.4275483940779147,0.05905162496492267,Repo_SGD,45,5,primary,0.8407705829013139,,,,
14,142.46003333964137,0.42580434606485923,0.059959791018627584,Repo_SGD,45,5,primary,0.9007303739199415,,,,
15,142.0692526640485,0.4246363264728035,0.05948487494606525,Repo_SGD,45,5,primary,0.9602152488660067,,,,
1,167.49903428594135,0.5006443918946807,0.053044125088490546,NBMF_SA,45,5,primary,0.053044125088490546,0.0008994160452857614,0.0009130029939115047,0.05112658627331257,5.2748480811715126e-05
2,162.18200345291652,0.48475211120522477,0.05224495904985815,NBMF_SA,45,5,primary,0.1052890841383487,0.0009127920493483543,0.0008831203449517488,0.05035157909151167,4.658009856939316e-05
3,159.28638073375467,0.47609727160229054,0.051062208018265665,NBMF_SA,45,5,primary,0.15635129215661436,0.000820291112177074,0.0008527433965355158,0.04929383029229939,4.77122375741601e-05
4,158.51861584802373,0.47380246921149777,0.05126783298328519,NBMF_SA,45,5,primary,0.20761912513989955,0.0008073749486356974,0.0008610844379290938,0.04949470795691013,5.111948121339083e-05
5,158.18247362275832,0.47279776061317336,0.04964083293452859,NBMF_SA,45,5,primary,0.25725995807442814,0.0008449169108644128,0.0007950350409373641,0.047908367589116096,4.5499647967517376e-05
6,157.63710003269986,0.4711676722337733,0.04899679194204509,NBMF_SA,45,5,primary,0.30625675001647323,0.0008021669927984476,0.0007861704798415303,0.047321206191554666,4.337227437645197e-05
7,157.1441696419509,0.4696943333767765,0.04989124997518957,NBMF_SA,45,5,primary,0.3561479999916628,0.0008004169212654233,0.0007921232609078288,0.048205240280367434,4.512420855462551e-05
8,156.9923362780041,0.469240512717532,0.05107454105746001,NBMF_SA,45,5,primary,0.4072225410491228,0.0008406250271946192,0.0008218290749937296,0.04931962757837027,4.6830507926642895e-05
9,156.8006335172186,0.4686675248641564,0.05124475003685802,NBMF_SA,45,5,primary,0.45846729108598083,0.0008094169897958636,0.0008199565345421433,0.04951029142830521,6.053445395082235e-05
10,156.74263297657288,0.46849416478763456,0.050305417040362954,NBMF_SA,45,5,primary,0.5087727081263438,0.0007821659091860056,0.0008309583645313978,0.0485753653338179,5.9078680351376534e-05
11,156.64925269529894,0.4682150568254147,0.05186112504452467,NBMF_SA,45,5,primary,0.5606338331708685,0.00078037497587502,0.0008932527853175998,0.05008870840538293,5.3162919357419014e-05
12,156.4558052973174,0.4676368543579262,0.05008941702544689,NBMF_SA,45,5,primary,0.6107232501963153,0.0008993329247459769,0.000802042311988771,0.04829749767668545,4.5788008719682693e-05
13,156.2478492504789,0.46701528642439083,0.05145799997262657,NBMF_SA,45,5,primary,0.6621812501689419,0.000962125021032989,0.0008662078762426972,0.04951966891530901,4.7744717448949814e-05
14,156.2478492504789,0.46701528642439083,0.05080004094634205,NBMF_SA,45,5,primary,0.712981291115284,0.0008347919210791588,0.0008783269440755248,0.04899079434107989,4.674785304814577e-05
15,156.2478492504789,0.46701528642439083,0.05111183295957744,NBMF_SA,45,5,primary,0.7640931240748614,0.0007933330489322543,0.000861376291140914,0.049357332987710834,4.733202513307333e-05
1,167.49903428594135,0.5006443918946807,0.24463737499900162,NBMF_PathIntegral,45,5,primary,0.24463737499900162,0.0007935409666970372,0.0009748786687850952,0.2427424592897296,5.987822078168392e-05
2,162.18200345291652,0.48475211120522477,0.25215220800600946,NBMF_PathIntegral,45,5,primary,0.4967895830050111,0.000839291955344379,0.0011451651807874441,0.25003620388451964,6.328942254185677e-05
3,159.28638073375467,0.47609727160229054,0.2494945420185104,NBMF_PathIntegral,45,5,primary,0.7462841250235215,0.0009380000410601497,0.0010983371175825596,0.24732133059296757,6.537605077028275e-05
4,158.51861584802373,0.47380246921149777,0.2473032500129193,NBMF_PathIntegral,45,5,primary,0.9935873750364408,0.0009586669038981199,0.0010955417528748512,0.24512012710329145,6.19073398411274e-05
5,158.18247362275832,0.47279776061317336,0.24853708397131413,NBMF_PathIntegral,45,5,primary,1.242124459007755,0.0007966250414028764,0.001052501262165606,0.2465631611412391,6.0495687648653984e-05
6,157.63710003269986,0.4711676722337733,0.2475390830077231,NBMF_PathIntegral,45,5,primary,1.489663542015478,0.0008127079345285892,0.001087244600057602,0.24551120691467077,6.245519034564495e-05
7,157.1441696419509,0.4696943333767765,0.2631359579972923,NBMF_PathIntegral,45,5,primary,1.7527995000127703,0.0008009580196812749,0.001426495611667633,0.2607351680053398,9.83349746093154e-05
8,156.9923362780041,0.469240512717532,0.25744791701436043,NBMF_PathIntegral,45,5,primary,2.0102474170271307,0.001100833062082529,0.001180832041427493,0.255030004424043,7.02918041497469e-05
9,156.8006335172186,0.4686675248641564,0.2508203750476241,NBMF_PathIntegral,45,5,primary,2.261067792074755,0.000811917008832097,0.0011407063575461507,0.24874491477385163,5.8872741647064686e-05
10,156.74263297657288,0.46849416478763456,0.316367624909617,NBMF_PathIntegral,45,5,primary,2.577435416984372,0.0007977921050041914,0.0016204513376578689,0.3137834551744163,9.621027857065201e-05
11,156.64925269529894,0.4682150568254147,0.24632179201580584,NBMF_PathIntegral,45,5,primary,2.8237572090001777,0.0008204170735552907,0.0010290011996403337,0.24435070669278502,5.621102172881365e-05
12,156.4558052973174,0.4676368543579262,0.2397787079680711,NBMF_PathIntegral,45,5,primary,3.063535916968249,0.0008051249897107482,0.0009553773561492562,0.2379010368604213,5.478982347995043e-05
13,156.2478492504789,0.46701528642439083,0.25535516696982086,NBMF_PathIntegral,45,5,primary,3.3188910839380696,0.000817666994407773,0.0011902087135240436,0.25320537155494094,7.134047336876392e-05
14,156.2478492504789,0.46701528642439083,0.258762166951783,NBMF_PathIntegral,45,5,primary,3.5776532508898526,0.000978791038505733,0.0012201315257698298,0.2564279604703188,6.749399472028017e-05
15,156.2478492504789,0.46701528642439083,0.250497791916132,NBMF_PathIntegral,45,5,primary,3.8281510428059846,0.0009230830473825336,0.0011235852725803852,0.2483212980441749,6.412970833480358e-05
1,174.47545903484416,0.521496499734604,4.270800855010748e-05,NMF_MU,45,5,supplemental,4.270800855010748e-05,,,,
2,172.83958679327407,0.5166069774332387,3.574998117983341e-05,NMF_MU,45,5,supplemental,7.845798972994089e-05,,,,
3,171.67755023151227,0.5131337210631186,3.4374999813735485e-05,NMF_MU,45,5,supplemental,0.00011283298954367638,,,,
4,170.72444644572698,0.5102849520103226,3.075005952268839e-05,NMF_MU,45,5,supplemental,0.00014358304906636477,,,,
5,169.9053483340778,0.5078367177398573,2.958404365926981e-05,NMF_MU,45,5,supplemental,0.00017316709272563457,,,,
6,169.17111989056994,0.5056421537283166,2.9416987672448158e-05,NMF_MU,45,5,supplemental,0.00020258408039808273,,,,
7,168.48795747090736,0.5036002229457581,3.045797348022461e-05,NMF_MU,45,5,supplemental,0.00023304205387830734,,,,
8,167.83179842921427,0.5016390036120763,3.404100425541401e-05,NMF_MU,45,5,supplemental,0.00026708305813372135,,,,
9,167.18526060182802,0.49970654150082533,2.9416987672448158e-05,NMF_MU,45,5,supplemental,0.0002965000458061695,,,,
10,166.5359860410406,0.49776589946044675,2.920802216976881e-05,NMF_MU,45,5,supplemental,0.0003257080679759383,,,,
11,165.87576833469183,0.495792549025788,3.0249939300119877e-05,NMF_MU,45,5,supplemental,0.0003559580072760582,,,,
12,165.20007520945228,0.49377294350844825,2.9916991479694843e-05,NMF_MU,45,5,supplemental,0.00038587499875575304,,,,
13,164.50769401399123,0.49170345836760165,3.100000321865082e-05,NMF_MU,45,5,supplemental,0.00041687500197440386,,,,
14,163.80030995487698,0.4895891305828416,2.9708025977015495e-05,NMF_MU,45,5,supplemental,0.00044658302795141935,,,,
15,163.08191640879667,0.4874418961133911,2.9125018045306206e-05,NMF_MU,45,5,supplemental,0.00047570804599672556,,,,
1,193.913496770083,0.5795956083239201,0.0035488749854266644,Repo_ALS,46,5,primary,0.0035488749854266644,,,,
2,148.9496020896257,0.44520127103427876,0.003288457985036075,Repo_ALS,46,5,primary,0.0068373329704627395,,,,
3,145.22044437854944,0.4340550462067734,0.0034825829789042473,Repo_ALS,46,5,primary,0.010319915949366987,,,,
4,144.4925367348299,0.43187937468007465,0.003579750075004995,Repo_ALS,46,5,primary,0.013899666024371982,,,,
5,144.199926605989,0.4310047808614279,0.003532750066369772,Repo_ALS,46,5,primary,0.017432416090741754,,,,
6,144.00106101975348,0.4304103837598918,0.0036245830124244094,Repo_ALS,46,5,primary,0.021056999103166163,,,,
7,143.86132662088175,0.4299927261689204,0.003593500005081296,Repo_ALS,46,5,primary,0.02465049910824746,,,,
8,143.77059604559895,0.4297215380162104,0.00340674992185086,Repo_ALS,46,5,primary,0.02805724903009832,,,,
9,143.71556667221594,0.4295570585773221,0.0034021249739453197,Repo_ALS,46,5,primary,0.03145937400404364,,,,
10,143.68339162355008,0.429460889320334,0.0033861249685287476,Repo_ALS,46,5,primary,0.034845498972572386,,,,
11,143.66468856216488,0.4294049870112032,0.003282667021267116,Repo_ALS,46,5,primary,0.0381281659938395,,,,
12,143.65355936110967,0.4293717225084059,0.0034628750290721655,Repo_ALS,46,5,primary,0.04159104102291167,,,,
13,143.64657656875613,0.4293508513681843,0.00338758307043463,Repo_ALS,46,5,primary,0.0449786240933463,,,,
14,143.64182825181962,0.4293366589386259,0.0035927080316469073,Repo_ALS,46,5,primary,0.048571332124993205,,,,
15,143.63827017786073,0.4293260240726933,0.0032957500079646707,Repo_ALS,46,5,primary,0.051867082132957876,,,,
1,173.69644579797932,0.5191680767086998,0.06636470800731331,Repo_SGD,46,5,primary,0.06636470800731331,,,,
2,170.51874102714766,0.50967011106731,0.06704875000286847,Repo_SGD,46,5,primary,0.13341345801018178,,,,
3,169.70312537171182,0.5072322856459504,0.07131645793560892,Repo_SGD,46,5,primary,0.2047299159457907,,,,
4,168.84458213803836,0.504666152312883,0.06391370797064155,Repo_SGD,46,5,primary,0.26864362391643226,,,,
5,167.25781233890214,0.49992339421548854,0.06137574999593198,Repo_SGD,46,5,primary,0.33001937391236424,,,,
6,164.51309515072012,0.4917196020356813,0.061147250002250075,Repo_SGD,46,5,primary,0.3911666239146143,,,,
7,160.4912193528537,0.47969846070980704,0.06104908394627273,Repo_SGD,46,5,primary,0.45221570786088705,,,,
8,156.02401988163967,0.4663462741000607,0.062021124991588295,Repo_SGD,46,5,primary,0.5142368328524753,,,,
9,152.14823587164892,0.45476179221293256,0.06195587490219623,Repo_SGD,46,5,primary,0.5761927077546716,,,,
10,149.0799159815467,0.44559077130485847,0.062391749932430685,Repo_SGD,46,5,primary,0.6385844576871023,,,,
11,146.9293357172524,0.4391628181334969,0.06420383299700916,Repo_SGD,46,5,primary,0.7027882906841114,,,,
12,145.38883661220618,0.4345583603170801,0.0647377910790965,Repo_SGD,46,5,primary,0.7675260817632079,,,,
13,144.30297669874264,0.43131279130006284,0.06359812500886619,Repo_SGD,46,5,primary,0.8311242067720741,,,,
14,143.4926180361453,0.4288906787094908,0.06306095805484802,Repo_SGD,46,5,primary,0.8941851648269221,,,,
15,142.89607376197444,0.42710764427795683,0.06361866602674127,Repo_SGD,46,5,primary,0.9578038308536634,,,,
1,165.75893975017294,0.49544335551609575,0.055499790934845805,NBMF_SA,46,5,primary,0.055499790934845805,0.0008169589564204216,0.0009357903618365526,0.053633408271707594,5.892093759030104e-05
2,159.29522256248106,0.47612369928878334,0.053059249999932945,NBMF_SA,46,5,primary,0.10855904093477875,0.000850207987241447,0.000864744302816689,0.05123641376849264,4.941702354699373e-05
3,158.12165065108235,0.47261596446254023,0.05151441600173712,NBMF_SA,46,5,primary,0.16007345693651587,0.0008505420992150903,0.0008404572727158666,0.04972328362055123,4.833494313061237e-05
4,157.52809876746366,0.47084187410375683,0.0502950829686597,NBMF_SA,46,5,primary,0.21036853990517557,0.0008089169859886169,0.0008378718048334122,0.04855054500512779,4.704005550593138e-05
5,157.15903391520132,0.4697387617824335,0.05341191706247628,NBMF_SA,46,5,primary,0.26378045696765184,0.0008020000532269478,0.000915248179808259,0.051574957789853215,5.49595570191741e-05
6,156.96176145027414,0.4691491264232682,0.05655437509994954,NBMF_SA,46,5,primary,0.3203348320676014,0.0008292909478768706,0.0011024202685803175,0.05450149765238166,5.8325822465121746e-05
7,156.75059004578884,0.46851794798194296,0.0546997090568766,NBMF_SA,46,5,primary,0.375034541124478,0.0008393749594688416,0.000963167636655271,0.052784993895329535,5.382962990552187e-05
8,156.7114310588646,0.46840090415969365,0.05099429201800376,NBMF_SA,46,5,primary,0.42602883314248174,0.0008045000722631812,0.0008679587626829743,0.04920933663379401,5.403964314609766e-05
9,156.7114310588646,0.46840090415969365,0.0522635419620201,NBMF_SA,46,5,primary,0.47829237510450184,0.0007922910153865814,0.0009094552369788289,0.05045399256050587,5.14141283929348e-05
10,156.7114310588646,0.46840090415969365,0.050718167098239064,NBMF_SA,46,5,primary,0.5290105422027409,0.0008392910240218043,0.0008582439040765166,0.048918579472228885,5.0208414904773235e-05
11,156.7114310588646,0.46840090415969365,0.05358591605909169,NBMF_SA,46,5,primary,0.5825964582618326,0.0010059999767690897,0.0009081223979592323,0.05155674519483,5.8964709751307964e-05
12,156.7114310588646,0.46840090415969365,0.0552915419684723,NBMF_SA,46,5,primary,0.6378880002303049,0.0009240830549970269,0.001078165601938963,0.05315145489294082,7.353094406425953e-05
13,156.7114310588646,0.46840090415969365,0.05929962499067187,NBMF_SA,46,5,primary,0.6971876252209768,0.0010945419780910015,0.0009830771014094353,0.057095578871667385,5.986797623336315e-05
14,156.7114310588646,0.46840090415969365,0.05565975001081824,NBMF_SA,46,5,primary,0.752847375231795,0.0010864159557968378,0.0009742022957652807,0.05348270735703409,5.745969247072935e-05
15,156.7114310588646,0.46840090415969365,0.052827542065642774,NBMF_SA,46,5,primary,0.8056749172974378,0.0008500829571858048,0.0009265393018722534,0.05095090775284916,5.012622568756342e-05
1,165.75893975017294,0.49544335551609575,0.25217208301182836,NBMF_PathIntegral,46,5,primary,0.25217208301182836,0.0008587909396737814,0.0011063794372603297,0.25005978695116937,7.324898615479469e-05
2,159.29522256248106,0.47612369928878334,0.2576858749380335,NBMF_PathIntegral,46,5,primary,0.5098579579498619,0.0009143329225480556,0.0011247509391978383,0.2555002913577482,6.645929533988237e-05
3,158.12165065108235,0.47261596446254023,0.25256770802661777,NBMF_PathIntegral,46,5,primary,0.7624256659764796,0.000948290922679007,0.00109816063195467,0.25038241501897573,7.091625593602657e-05
4,157.52809876746366,0.47084187410375683,0.248346250038594,NBMF_PathIntegral,46,5,primary,1.0107719160150737,0.0008203750476241112,0.0010586617281660438,0.2463345838477835,6.541761104017496e-05
5,157.15903391520132,0.4697387617824335,0.25405316601973027,NBMF_PathIntegral,46,5,primary,1.264825082034804,0.0009028749773278832,0.0011752494610846043,0.2518358709057793,7.320172153413296e-05
6,156.96176145027414,0.4691491264232682,0.2571080829948187,NBMF_PathIntegral,46,5,primary,1.5219331650296226,0.0008420828962698579,0.0010961273219436407,0.25502978649456054,6.67870044708252e-05
7,156.75059004578884,0.46851794798194296,0.2564118329901248,NBMF_PathIntegral,46,5,primary,1.7783449980197474,0.0008387500420212746,0.0012102912878617644,0.25422066799364984,7.2503462433815e-05
8,156.7114310588646,0.46840090415969365,0.25969350000377744,NBMF_PathIntegral,46,5,primary,2.038038498023525,0.000810749945230782,0.0013841240433976054,0.2573579997988418,7.562292739748955e-05
9,156.7114310588646,0.46840090415969365,0.41397183295339346,NBMF_PathIntegral,46,5,primary,2.4520103309769183,0.0008272919803857803,0.002291831187903881,0.41063546028453857,0.00013286515604704618
10,156.7114310588646,0.46840090415969365,0.25452537497039884,NBMF_PathIntegral,46,5,primary,2.706535705947317,0.0008150829235091805,0.0013743326999247074,0.2521887836046517,7.500022184103727e-05
11,156.7114310588646,0.46840090415969365,0.24939308397006243,NBMF_PathIntegral,46,5,primary,2.9559287899173796,0.0009555000578984618,0.0011281687766313553,0.24718441639561206,5.883083213120699e-05
12,156.7114310588646,0.46840090415969365,0.24884249991737306,NBMF_PathIntegral,46,5,primary,3.2047712898347527,0.0008966670138761401,0.0010996615746989846,0.24671886989381164,6.374984513968229e-05
13,156.7114310588646,0.46840090415969365,0.2544829580001533,NBMF_PathIntegral,46,5,primary,3.459254247834906,0.0008182079764083028,0.001065119169652462,0.2524580368772149,6.308115553110838e-05
14,156.7114310588646,0.46840090415969365,0.24817470798734576,NBMF_PathIntegral,46,5,primary,3.7074289558222517,0.0009301661048084497,0.001030745916068554,0.24609798879828304,5.729612894356251e-05
15,156.7114310588646,0.46840090415969365,0.24401629099156708,NBMF_PathIntegral,46,5,primary,3.951445246813819,0.0008385410765185952,0.0009356652153655887,0.24212699779309332,5.537504330277443e-05
1,175.35672668302902,0.5241305549558942,4.0624989196658134e-05,NMF_MU,46,5,supplemental,4.0624989196658134e-05,,,,
2,173.47355278747233,0.5185018631022836,3.275007475167513e-05,NMF_MU,46,5,supplemental,7.337506394833326e-05,,,,
3,172.11741670931514,0.5144484551225313,3.074994310736656e-05,NMF_MU,46,5,supplemental,0.00010412500705569983,,,,
4,171.0156844333583,0.5111554445826285,3.033294342458248e-05,NMF_MU,46,5,supplemental,0.0001344579504802823,,,,
5,170.0756780548807,0.5083458228810093,3.441690932959318e-05,NMF_MU,46,5,supplemental,0.0001688748598098755,,,,
6,169.23673626428592,0.5058382770651311,3.104202914983034e-05,NMF_MU,46,5,supplemental,0.00019991688895970583,,,,
7,168.4578378159924,0.5035101971352616,3.095809370279312e-05,NMF_MU,46,5,supplemental,0.00023087498266249895,,,,
8,167.71087029487694,0.5012775567981506,3.062502946704626e-05,NMF_MU,46,5,supplemental,0.0002615000121295452,,,,
9,166.97686306254099,0.49908365397330323,3.0458089895546436e-05,NMF_MU,46,5,supplemental,0.00029195810202509165,,,,
10,166.2438231007874,0.49689264226119917,3.466696944087744e-05,NMF_MU,46,5,supplemental,0.0003266250714659691,,,,
11,165.5053971559346,0.4946855321742897,3.0459021218121052e-05,NMF_MU,46,5,supplemental,0.00035708409268409014,,,,
12,164.75988880851625,0.49245725321831374,3.0499999411404133e-05,NMF_MU,46,5,supplemental,0.00038758409209549427,,,,
13,164.0093474983016,0.49021393104367483,3.087497316300869e-05,NMF_MU,46,5,supplemental,0.00041845906525850296,,,,
14,163.25859001113608,0.4879699627293219,3.0624913051724434e-05,NMF_MU,46,5,supplemental,0.0004490839783102274,,,,
15,162.5141358594104,0.4857448346999393,3.462505992501974e-05,NMF_MU,46,5,supplemental,0.00048370903823524714,,,,
