data_source,matrix_size,n,m,rank,sampler,seed,final_error,final_relative_error,total_runtime,avg_iter_time,total_nnls_time,total_qubo_build_time,total_annealing_time,total_postprocess_time,num_qubo_solves,avg_qubo_solve_time,feasible,note
synthetic,10x10,10,10,2,simulated_annealing,42,6.075000622166257e-16,9.484421575247273e-17,0.055645415908657014,0.0037096943939104675,0.0009053329704329371,0.0007431193953379989,0.05364761617965996,9.137776214629412e-05,150,0.0003576507745310664,,
synthetic,10x10,10,10,2,simulated_annealing,43,5.98839006449065e-16,1.0566017696349146e-16,0.050522707984782755,0.00336818053231885,0.0007812901167199016,0.0005985812749713659,0.04889475554227829,7.040996570140123e-05,150,0.00032596503694852193,,
synthetic,10x10,10,10,2,simulated_annealing,44,7.176305923866031e-16,1.291452402533062e-16,0.088227582979016,0.005881838865267734,0.005237290868535638,0.000992952031083405,0.08158512122463435,0.00011457153595983982,150,0.0005439008081642289,,
synthetic,10x10,10,10,5,simulated_annealing,42,2.330210854358529e-15,1.9168576106261054e-16,0.0873907080385834,0.005826047202572226,0.0010289150523021817,0.0012694926699623466,0.08479169895872474,9.465822950005531e-05,150,0.0005652779930581649,,
synthetic,10x10,10,10,5,simulated_annealing,43,2.3782900692873595e-15,1.5570784105380676e-16,0.08541212498676032,0.0056941416657840214,0.0010678720427677035,0.0011908700689673424,0.08287628379184753,8.715991862118244e-05,150,0.0005525085586123168,,
synthetic,10x10,10,10,5,simulated_annealing,44,2.173812713080067e-15,1.8442257627925617e-16,0.07983245805371553,0.005322163870247702,0.0010014587314799428,0.00115399737842381,0.07741240691393614,8.3708087913692e-05,150,0.0005160827127595743,,
synthetic,20x20,20,20,2,simulated_annealing,42,2.0383465890949934e-15,1.316655174361487e-16,0.10236462508328259,0.006824308338885506,0.001556128147058189,0.0012348712189123034,0.09917756693903357,0.00013835693243891,300,0.00033059188979677856,,
synthetic,20x20,20,20,2,simulated_annealing,43,2.232616071049176e-15,1.576520594364175e-16,0.10106825002003461,0.006737883334668974,0.001529331086203456,0.0013198773376643658,0.09783995943143964,0.00014908204320818186,300,0.0003261331981047988,,
synthetic,20x20,20,20,2,simulated_annealing,44,3.164470373670993e-15,2.1868824419530422e-16,0.10300091607496142,0.0068667277383307615,0.0014873322797939181,0.0012475673574954271,0.09988641866948456,0.00014236627612262964,300,0.00033295472889828184,,
synthetic,20x20,20,20,5,simulated_annealing,42,5.132347610756001e-15,2.0188819660483103e-16,0.17729575000703335,0.011819716667135556,0.0019218758679926395,0.002370230620726943,0.17258749844040722,0.00016102276276797056,300,0.000575291661468024,,
synthetic,20x20,20,20,5,simulated_annealing,43,5.352348096282305e-15,1.9534701451716657e-16,0.16839379095472395,0.01122625273031493,0.0019954140298068523,0.00234457163605839,0.16362553741782904,0.00016716052778065205,300,0.0005454184580594301,,
synthetic,20x20,20,20,5,simulated_annealing,44,5.4155610913710385e-15,2.0341500994848947e-16,0.1601762919453904,0.010678419463026027,0.002008040086366236,0.002335413359105587,0.1553983730264008,0.0001610713079571724,300,0.0005179945767546693,,
synthetic,20x20,20,20,10,simulated_annealing,42,0.5650688889705151,0.009810266727678043,0.2934636250138283,0.019564241667588553,0.003764167078770697,0.0059308616910129786,0.2832062253728509,0.00017812929581850767,300,0.0009440207512428363,,
synthetic,20x20,20,20,10,simulated_annealing,43,1.0042610110910397e-14,1.824672606237446e-16,0.30090887495316565,0.02006059166354438,0.003377079963684082,0.005912908702157438,0.2910504100145772,0.0001868742983788252,300,0.0009701680333819241,,
synthetic,20x20,20,20,10,simulated_annealing,44,1.0768734120378298e-14,1.9407063366186503e-16,0.3045282090315595,0.02030188060210397,0.0033920829882845283,0.005888161598704755,0.29462689731735736,0.00021144794300198555,300,0.0009820896577245246,,
synthetic,50x50,50,50,2,simulated_annealing,42,6.080336937867363e-15,1.8905980420792073e-16,0.27145454194396734,0.018096969462931156,0.00382404203992337,0.003857365227304399,0.2629012140678242,0.00036919687408953905,750,0.00035053495209043227,,
synthetic,50x50,50,50,2,simulated_annealing,43,6.192644039520529e-15,1.915259157472239e-16,0.26390879100654274,0.017593919400436184,0.0038476650370284915,0.0038398861652240157,0.25535970425698906,0.0003839911660179496,750,0.0003404796056759854,,
synthetic,50x50,50,50,2,simulated_annealing,44,6.337817383053214e-15,1.8990369858958882e-16,0.26235124992672354,0.017490083328448237,0.003941499977372587,0.003945219214074314,0.2535800891928375,0.0003678227076306939,750,0.00033810678559044997,,
synthetic,50x50,50,50,5,simulated_annealing,42,1.4492145139196642e-14,1.8836324785411473e-16,0.4085526670096442,0.027236844467309614,0.005253872717730701,0.006405845517292619,0.39598951709922403,0.0003994078142568469,750,0.0005279860227989653,,
synthetic,50x50,50,50,5,simulated_annealing,43,1.5692317606691983e-14,2.0239230821003065e-16,0.4194024170283228,0.027960161135221522,0.005649080267176032,0.006772439577616751,0.40600606973748654,0.00045428075827658176,750,0.0005413414263166487,,
synthetic,50x50,50,50,5,simulated_annealing,44,1.17571492446656e-14,1.6932395264828676e-16,0.4260120840044692,0.028400805600297948,0.005627583130262792,0.00659638864453882,0.4128155983053148,0.00043394207023084164,750,0.0005504207977404197,,
synthetic,50x50,50,50,10,simulated_annealing,42,0.9635465524944159,0.007620428007537696,0.7259284590836614,0.048395230605577426,0.009751792764291167,0.014810387860052288,0.7003602454205975,0.00045302475336939096,750,0.0009338136605607966,,
synthetic,50x50,50,50,10,simulated_annealing,43,3.04489649758948e-14,2.1195133903115886e-16,0.7285659589106217,0.04857106392737478,0.009645332233048975,0.014909971039742231,0.7029986558482051,0.00045010726898908615,750,0.0009373315411309401,,
synthetic,50x50,50,50,10,simulated_annealing,44,2.2347647828234507,0.016219228364564745,0.7400788329541683,0.04933858886361122,0.009498167084529996,0.014727394096553326,0.7147936334367841,0.0004625740693882108,750,0.0009530581779157122,,
synthetic,100x100,100,100,2,simulated_annealing,42,2.122786525709745e-14,2.976878610974543e-16,0.5264912080019712,0.03509941386679808,0.008266875171102583,0.007832882460206747,0.5087717022979632,0.0007589576998725533,1500,0.0003391811348653088,,
synthetic,100x100,100,100,2,simulated_annealing,43,1.6956718906222287e-14,2.447404315688593e-16,0.5363827500259504,0.03575885000173003,0.008383414940908551,0.008203484816476703,0.5182186888996512,0.0007456516614183784,1500,0.0003454791259331008,,
synthetic,100x100,100,100,2,simulated_annealing,44,1.7439978134078984e-14,2.543554752559594e-16,0.5258999170036986,0.03505999446691324,0.008113792166113853,0.008008803590200841,0.5081556184450164,0.0007596130017191172,1500,0.0003387704122966776,,
synthetic,100x100,100,100,5,simulated_annealing,42,3.0716008711879914e-14,2.2771299084073976e-16,0.8519557910040021,0.05679705273360014,0.015699540148489177,0.01473799324594438,0.8196368296630681,0.0008614184334874153,1500,0.000546424553108712,,
synthetic,100x100,100,100,5,simulated_annealing,43,3.256898755748292e-14,2.1231874951637245e-16,0.8543301250319928,0.05695534166879952,0.013873790856450796,0.014723263797350228,0.8238896346883848,0.000867819762788713,1500,0.0005492597564589232,,
synthetic,100x100,100,100,5,simulated_annealing,44,3.301735434135087e-14,2.2573480294933684e-16,0.8597575419116765,0.05731716946077844,0.013146289042197168,0.014502717065624893,0.8303240205859765,0.0008542850846424699,1500,0.0005535493470573176,,
synthetic,100x100,100,100,10,simulated_annealing,42,6.385531677117432e-14,2.4139221023004807e-16,1.5057799170026556,0.10038532780017703,0.028429955942556262,0.031448261928744614,1.4438781730132177,0.0009757720399647951,1500,0.0009625854486754785,,
synthetic,100x100,100,100,10,simulated_annealing,43,6.398595431794887e-14,2.288882032948187e-16,1.508984333020635,0.100598955534709,0.028551125549711287,0.030930616543628275,1.447457776288502,0.0009631762513890862,1500,0.0009649718508590013,,
synthetic,100x100,100,100,10,simulated_annealing,44,6.715314633043217e-14,2.427487846779718e-16,1.5078312499681488,0.10052208333120992,0.028123374097049236,0.03174751345068216,1.446019371971488,0.0009335322538390756,1500,0.0009640129146476587,,
synthetic,10x10,10,10,2,path_integral,42,6.075000622166257e-16,9.484421575247273e-17,0.11300733301322907,0.007533822200881938,0.0008891638135537505,0.0007358373841270804,0.11105832527391613,8.870335295796394e-05,150,0.0007403888351594409,,
synthetic,10x10,10,10,2,path_integral,43,5.98839006449065e-16,1.0566017696349146e-16,0.1128147499402985,0.007520983329353233,0.000841500936076045,0.0007122920360416174,0.1109726628055796,8.311797864735126e-05,150,0.0007398177520371973,,
synthetic,10x10,10,10,2,path_integral,44,7.176305923866031e-16,1.291452402533062e-16,0.11666916706599295,0.007777944471066197,0.0008623333415016532,0.0007395828142762184,0.11476982454769313,9.063282050192356e-05,150,0.0007651321636512876,,
synthetic,10x10,10,10,5,path_integral,42,2.330210854358529e-15,1.9168576106261054e-16,0.38588704098947346,0.025725802732631566,0.001188330934382975,0.0014486659783869982,0.38282778521534055,0.00011599855497479439,150,0.002552185234768937,,
synthetic,10x10,10,10,5,path_integral,43,2.3782900692873595e-15,1.5570784105380676e-16,0.37372245895676315,0.024914830597117542,0.0011229589581489563,0.001300295116379857,0.37100237258709967,9.192561265081167e-05,150,0.0024733491505806644,,
synthetic,10x10,10,10,5,path_integral,44,2.173812713080067e-15,1.8442257627925617e-16,0.3891558750765398,0.025943725005102655,0.0010850001126527786,0.0015651752473786473,0.3861202038824558,0.00011957553215324879,150,0.0025741346925497056,,
synthetic,20x20,20,20,2,path_integral,42,2.0383465890949934e-15,1.316655174361487e-16,0.22831945796497166,0.015221297197664777,0.0015934580005705357,0.0014750391710549593,0.2247935796622187,0.0001657763496041298,300,0.0007493119322073956,,
synthetic,20x20,20,20,2,path_integral,43,2.232616071049176e-15,1.576520594364175e-16,0.2241923330584541,0.014946155537230273,0.0015615021111443639,0.0014156195102259517,0.22078504180535674,0.0001631999621167779,300,0.0007359501393511891,,
synthetic,20x20,20,20,2,path_integral,44,3.164470373670993e-15,2.1868824419530422e-16,0.22564387507736683,0.015042925005157788,0.001561082899570465,0.0013911569258198142,0.2222360314335674,0.00017102283891290426,300,0.0007407867714452247,,
synthetic,20x20,20,20,5,path_integral,42,5.132347610756001e-15,2.0188819660483103e-16,0.7729188329540193,0.05152792219693462,0.0020915031200274825,0.0028523303335532546,0.7674349958542734,0.000204001204110682,300,0.002558116652847578,,
synthetic,20x20,20,20,5,path_integral,43,5.352348096282305e-15,1.9534701451716657e-16,0.7702061670133844,0.051347077800892295,0.002175750909373164,0.0030775408959016204,0.7643774522002786,0.00021361734252423048,300,0.0025479248406675955,,
synthetic,20x20,20,20,5,path_integral,44,5.4155610913710385e-15,2.0341500994848947e-16,0.7788841250585392,0.051925608337235946,0.0025652911281213164,0.003002204350195825,0.7726965796900913,0.00026415963657200336,300,0.0025756552656336375,,
synthetic,20x20,20,20,10,path_integral,42,1.2734940469313563e-14,2.2109368468803878e-16,2.351963666966185,0.15679757779774567,0.00337108236271888,0.007854457129724324,2.339907015906647,0.0002815775806084275,300,0.007799690053022156,,
synthetic,20x20,20,20,10,path_integral,43,1.5947742472968012,0.02897594201146996,2.327948124962859,0.15519654166419058,0.0033521652221679688,0.007649000501260161,2.316179980407469,0.00027687568217515945,300,0.007720599934691564,,
synthetic,20x20,20,20,10,path_integral,44,1.414788980792789,0.025496868149126085,2.345912916935049,0.1563941944623366,0.0034418728901073337,0.007747872266918421,2.333870653761551,0.0002757897600531578,300,0.007779568845871836,,
synthetic,50x50,50,50,2,path_integral,42,6.080336937867363e-15,1.8905980420792073e-16,0.5845766250276938,0.03897177500184625,0.004124414059333503,0.004621120635420084,0.5747970480006188,0.0004393939161673188,750,0.0007663960640008251,,
synthetic,50x50,50,50,2,path_integral,43,6.192644039520529e-15,1.915259157472239e-16,0.5946147500071675,0.039640983333811164,0.004027332877740264,0.004722359357401729,0.5847727183718234,0.0004453642759472132,750,0.0007796969578290979,,
synthetic,50x50,50,50,2,path_integral,44,6.337817383053214e-15,1.8990369858958882e-16,0.5612733750604093,0.037418225004027285,0.003979373839683831,0.004253373714163899,0.5520670084515586,0.0004503176314756274,750,0.0007360893446020782,,
synthetic,50x50,50,50,5,path_integral,42,1.4492145139196642e-14,1.8836324785411473e-16,1.9373837080784142,0.1291589138718943,0.005459416541270912,0.008703665691427886,1.9220125657739118,0.0005471647018566728,750,0.002562683421031882,,
synthetic,50x50,50,50,5,path_integral,43,1.5692317606691983e-14,2.0239230821003065e-16,2.050686875008978,0.13671245833393186,0.006053082877770066,0.009403615724295378,2.0339507842436433,0.000591259216889739,750,0.0027119343789915244,,
synthetic,50x50,50,50,5,path_integral,44,1.17571492446656e-14,1.6932395264828676e-16,1.9502032089512795,0.13001354726341863,0.005608916049823165,0.008668993134051561,1.9347081527812406,0.0005322688957676291,750,0.0025796108703749873,,
synthetic,50x50,50,50,10,path_integral,42,2.3116364362181887,0.018282104789019836,5.979443000047468,0.39862953333649787,0.010499208234250546,0.02034082915633917,5.947122008888982,0.0007074609166011214,750,0.007929496011851977,,
synthetic,50x50,50,50,10,path_integral,43,3.870715877757707,0.026943556667669764,5.908264041994698,0.3938842694663132,0.009670791449025273,0.020271492772735655,5.876805191626772,0.0007539592916145921,750,0.007835740255502363,,
synthetic,50x50,50,50,10,path_integral,44,2.299736447662052,0.016690772518715886,5.960351999965496,0.39735679999769974,0.00984274793881923,0.019961793557740748,5.929017189424485,0.0007737042615190148,750,0.00790535625256598,,
synthetic,100x100,100,100,2,path_integral,42,2.122786525709745e-14,2.976878610974543e-16,1.1701860000612214,0.07801240000408143,0.008670249138958752,0.009888161439448595,1.149796239566058,0.0008780229836702347,1500,0.000766530826377372,,
synthetic,100x100,100,100,2,path_integral,43,1.6956718906222287e-14,2.447404315688593e-16,1.1601292920531705,0.0773419528035447,0.008328667026944458,0.009388192440383136,1.14057578984648,0.0008795281173661351,1500,0.0007603838598976533,,
synthetic,100x100,100,100,2,path_integral,44,1.7439978134078984e-14,2.543554752559594e-16,1.1624433329561725,0.07749622219707816,0.009053415968082845,0.009711798280477524,1.141636244719848,0.0009361796546727419,1500,0.000761090829813232,,
synthetic,100x100,100,100,5,path_integral,42,3.0716008711879914e-14,2.2771299084073976e-16,3.9413867079420015,0.2627591138628001,0.0141304568387568,0.019751707557588816,3.905257915146649,0.001139792730100453,1500,0.0026035052767644324,,
synthetic,100x100,100,100,5,path_integral,43,3.256898755748292e-14,2.1231874951637245e-16,3.948711875011213,0.26324745833408086,0.013048541266471148,0.019550886237993836,3.913894137367606,0.0011076353257521987,1500,0.0026092627582450707,,
synthetic,100x100,100,100,5,path_integral,44,3.301735434135087e-14,2.2573480294933684e-16,3.8965596669586375,0.2597706444639092,0.013826209004037082,0.0190516080474481,3.861438831547275,0.001108921249397099,1500,0.00257429255436485,,
synthetic,100x100,100,100,10,path_integral,42,5.364430980128802,0.020279154757938574,11.806931792059913,0.7871287861373275,0.028219460044056177,0.04058521206025034,11.735454443492927,0.0014294328866526484,1500,0.007823636295661952,,
synthetic,100x100,100,100,10,path_integral,43,10.275858191457694,0.03675842212288963,11.692640541004948,0.7795093694003299,0.029144291882403195,0.03977848496288061,11.621141393319704,0.0013704882003366947,1500,0.007747427595546469,,
synthetic,100x100,100,100,10,path_integral,44,8.269977602201045,0.029894757311446904,11.792244416079484,0.7861496277386323,0.02885366789996624,0.04131975572090596,11.719349815975875,0.001407601754181087,1500,0.00781289987731725,,
movielens,30x30,30,30,2,simulated_annealing,42,40.977488134879486,0.3679590337189954,0.16008149995468557,0.010672099996979038,0.002414416056126356,0.0020189383067190647,0.15506776934489608,0.0002363288076594472,450,0.00034459504298865794,,
movielens,30x30,30,30,2,simulated_annealing,43,40.60857383529569,0.36464635264998596,0.16138812503777444,0.010759208335851629,0.002482459880411625,0.0020475733326748013,0.1562579122837633,0.00023575383238494396,450,0.00034723980507502954,,
movielens,30x30,30,30,2,simulated_annealing,44,40.98404594147476,0.3680179198120173,0.15900112502276897,0.010600075001517932,0.0024090028600767255,0.0019333554664626718,0.1541083116317168,0.00022082007490098476,450,0.0003424629147371484,,
movielens,30x30,30,30,5,simulated_annealing,42,33.88987579263349,0.3043155282839268,0.25066716701257974,0.016711144467505316,0.0032049177680164576,0.003642068593762815,0.24306556687224656,0.000292452285066247,450,0.0005401457041605479,,
movielens,30x30,30,30,5,simulated_annealing,43,34.71800936708006,0.3117517876476198,0.2353937920415774,0.015692919469438495,0.0031517930328845978,0.0035717346472665668,0.22800314286723733,0.00025734701193869114,450,0.0005066736508160829,,
movielens,30x30,30,30,5,simulated_annealing,44,33.97251176089856,0.30505756134688966,0.24434316693805158,0.016289544462536772,0.0031960821943357587,0.003480305662378669,0.23706672503612936,0.0002377737546339631,450,0.0005268149445247319,,
movielens,50x50,50,50,2,simulated_annealing,42,74.07835598706063,0.4095290255790627,0.2831645419355482,0.018877636129036545,0.0040282480185851455,0.0041216223035007715,0.27406113129109144,0.0004222053103148937,750,0.0003654148417214553,,
movielens,50x50,50,50,2,simulated_annealing,43,74.16469356942939,0.41000632755893524,0.2700939169153571,0.018006261127690475,0.003889250918291509,0.00391626893542707,0.26135931338649243,0.00038873334415256977,750,0.00034847908451532324,,
movielens,50x50,50,50,2,simulated_annealing,44,74.04840969775532,0.40936347284081004,0.2660069999983534,0.017733799999890228,0.003955999272875488,0.0037020251620560884,0.2574913772987202,0.00039049750193953514,750,0.00034332183639829356,,
movielens,50x50,50,50,5,simulated_annealing,42,65.83467602545325,0.3639553060103885,0.42775591707322747,0.028517061138215165,0.005450251046568155,0.006901718210428953,0.4143122967798263,0.0004203557036817074,750,0.0005524163957064351,,
movielens,50x50,50,50,5,simulated_annealing,43,67.16071421673142,0.3712860724821718,0.4375549170654267,0.02917032780436178,0.005630958825349808,0.007312790723517537,0.42356223973911256,0.00045340287033468485,750,0.0005647496529854834,,
movielens,50x50,50,50,5,simulated_annealing,44,66.39045552834597,0.3670278342168221,0.40396983292885125,0.02693132219525675,0.005749122938141227,0.0064470135839655995,0.390825588372536,0.0004102700622752309,750,0.0005211007844967147,,
movielens,100x100,100,100,2,simulated_annealing,42,171.82539173128418,0.5135756102839469,0.5406825420213863,0.03604550280142575,0.008316166000440717,0.00821344368159771,0.5224591615842655,0.0007868227548897266,1500,0.00034830610772284366,,
movielens,100x100,100,100,2,simulated_annealing,43,172.70560705369215,0.516206520167708,0.5499408749165013,0.036662724994433425,0.008534583146683872,0.008416271535679698,0.531342065311037,0.0007619399111717939,1500,0.00035422804354069134,,
movielens,100x100,100,100,2,simulated_annealing,44,172.71111910255152,0.5162229953453772,0.730342875001952,0.048689525000130136,0.010636876919306815,0.011558111058548093,0.7060211101779714,0.0009972890838980675,1500,0.0004706807401186476,,
movielens,100x100,100,100,5,simulated_annealing,42,157.5034362817058,0.47076815943884853,0.9331389169674367,0.062209261131162444,0.014159538084641099,0.01571215596050024,0.9005897730821744,0.0016209101304411888,1500,0.0006003931820547829,,
movielens,100x100,100,100,5,simulated_annealing,43,156.35439497230612,0.4673337450850068,0.8844609169755131,0.05896406113170087,0.013647207641042769,0.016030531376600266,0.8526575487339869,0.0009095035493373871,1500,0.000568438365822658,,
movielens,100x100,100,100,5,simulated_annealing,44,156.92551821453387,0.4690407976033748,0.8654028750024736,0.057693525000164905,0.014725750079378486,0.014994004624895751,0.8338123232824728,0.0008725841762498021,1500,0.0005558748821883152,,
movielens,30x30,30,30,2,path_integral,42,40.977488134879486,0.3679590337189954,0.353285750024952,0.0235523833349968,0.002785082091577351,0.0023509094025939703,0.34749182034283876,0.00025646097492426634,450,0.0007722040452063084,,
movielens,30x30,30,30,2,path_integral,43,40.60857383529569,0.36464635264998596,0.4494693339802325,0.029964622265348833,0.003501664032228291,0.004294327110983431,0.4406251049367711,0.0003647076664492488,450,0.0009791668998594912,,
movielens,30x30,30,30,2,path_integral,44,40.98404594147476,0.3680179198120173,0.3426113330060616,0.02284075553373744,0.002506418153643608,0.002113612135872245,0.33739218360278755,0.00023520574904978275,450,0.0007497604080061946,,
movielens,30x30,30,30,5,path_integral,42,33.88987579263349,0.3043155282839268,1.1680639169644564,0.07787092779763043,0.003174958750605583,0.004682624712586403,1.159361140918918,0.0003158331383019686,450,0.002576358090930929,,
movielens,30x30,30,30,5,path_integral,43,34.71800936708006,0.3117517876476198,1.1630731250625104,0.07753820833750069,0.0032234160462394357,0.004579044645652175,1.1544528119266033,0.00031840940937399864,450,0.0025654506931702295,,
movielens,30x30,30,30,5,path_integral,44,33.97251176089856,0.30505756134688966,1.1597469160333276,0.07731646106888851,0.003129707183688879,0.004501737537793815,1.1512791968416423,0.00033039157278835773,450,0.0025583982152036495,,
movielens,50x50,50,50,2,path_integral,42,74.07835598706063,0.4095290255790627,0.6069765409920365,0.04046510273280243,0.004025207948870957,0.0045324842212721705,0.59735832514707,0.00043794058728963137,750,0.00079647776686276,,
movielens,50x50,50,50,2,path_integral,43,74.16469356942939,0.41000632755893524,0.5809714579954743,0.03873143053303162,0.004051834112033248,0.00458776718005538,0.5712984732817858,0.00043777748942375183,750,0.0007617312977090478,,
movielens,50x50,50,50,2,path_integral,44,74.04840969775532,0.40936347284081004,0.5807317920261994,0.038715452801746625,0.004263334791176021,0.004614444449543953,0.5707872365601361,0.0004409870598465204,750,0.0007610496487468481,,
movielens,50x50,50,50,5,path_integral,42,65.83467602545325,0.3639553060103885,1.934026375063695,0.128935091670913,0.00565591617487371,0.008893824997358024,1.918265176587738,0.000554364756681025,750,0.002557686902116984,,
movielens,50x50,50,50,5,path_integral,43,67.16071421673142,0.3712860724821718,1.97460866603069,0.13164057773537935,0.005433500977233052,0.009268501191399992,1.9586126874201,0.0005876981886103749,750,0.0026114835832268,,
movielens,50x50,50,50,5,path_integral,44,66.39045552834597,0.3670278342168221,1.952895666938275,0.13019304446255167,0.005628456128761172,0.008675207500346005,1.9373722235905007,0.0005335641326382756,750,0.002583162964787334,,
movielens,100x100,100,100,2,path_integral,42,171.82539173128418,0.5135756102839469,1.1550517909927294,0.07700345273284863,0.008213039953261614,0.008227101876400411,1.1369913119124249,0.0007811799878254533,1500,0.0007579942079416166,,
movielens,100x100,100,100,2,path_integral,43,172.70560705369215,0.516206520167708,1.0465350840240717,0.06976900560160477,0.007967997924424708,0.0072154870722442865,1.0297710630111396,0.0006968885427340865,1500,0.0006865140420074264,,
movielens,100x100,100,100,2,path_integral,44,172.71111910255152,0.5162229953453772,1.0358187080128118,0.06905458053418746,0.00782232906203717,0.0069809716660529375,1.0196575638838112,0.0006647143745794892,1500,0.0006797717092558741,,
movielens,100x100,100,100,5,path_integral,42,157.34469222727782,0.4702936831474789,3.575158499996178,0.2383438999997452,0.01249366591218859,0.012892245431430638,3.548077238840051,0.0007153010228648782,1500,0.0023653848258933675,,
movielens,100x100,100,100,5,path_integral,43,156.3171901448513,0.4672225421261595,3.6773478330578655,0.2451565222038577,0.012630455894395709,0.014210504363290966,3.6487840516492724,0.0008169320644810796,1500,0.002432522701099515,,
movielens,100x100,100,100,5,path_integral,44,156.92551821453387,0.4690407976033748,3.6450156250502914,0.24300104167001943,0.012638125917874277,0.013671543914824724,3.617033230839297,0.0008072501514106989,1500,0.002411355487226198,,
feasibility,8x8,8,8,2,exact,42,9.064357607684615e-16,1.62660922646824e-16,0.010318125016056001,0.0006878750010704001,0.0006357090314850211,0.00043749890755862,0.009069076622836292,5.153717938810587e-05,120,7.557563852363576e-05,True,
feasibility,8x8,8,8,5,exact,42,2.6519286915232903e-15,1.9213202506109773e-16,0.013169875019229949,0.0008779916679486632,0.000738079659640789,0.000750992214307189,0.0115108632016927,5.053856875747442e-05,120,9.592386001410584e-05,True,
feasibility,10x10,10,10,2,exact,42,6.075000622166257e-16,9.484421575247273e-17,0.012057291925884783,0.0008038194617256522,0.0007232113275676966,0.0005297029856592417,0.010621742811053991,6.040686275810003e-05,150,7.081161874035994e-05,True,
feasibility,10x10,10,10,5,exact,42,2.330210854358529e-15,1.9168576106261054e-16,0.01703549991361797,0.0011356999942411978,0.000938915996812284,0.0009618332842364907,0.014924785937182605,6.724381819367409e-05,150,9.94985729145507e-05,True,
feasibility,12x12,12,12,2,exact,42,1.6128861472938657e-15,2.337227818143798e-16,0.014611458987928927,0.0009740972658619284,0.0008456700015813112,0.0006142073543742299,0.01294294255785644,7.482420187443495e-05,180,7.190523643253578e-05,True,
feasibility,12x12,12,12,5,exact,42,3.747645143212457e-15,2.73572816624062e-16,0.019836625084280968,0.0013224416722853979,0.0011058758245781064,0.0011475026840344071,0.017362906597554684,7.183139678090811e-05,180,9.646059220863713e-05,True,
feasibility,12x12,12,12,10,exact,42,4.97870352162503e-15,1.6639096772118841e-16,0.14682637504301965,0.009788425002867977,0.0017623333260416985,0.003080492955632508,0.14173610461875796,8.416036143898964e-05,180,0.0007874228034375442,True,
feasibility,15x15,15,15,2,exact,42,9.955076097815937e-16,1.0708552734870009e-16,0.017769125057384372,0.001184608337158958,0.001068419893272221,0.0007739086868241429,0.01568977569695562,8.665246423333883e-05,225,6.973233643091388e-05,True,
feasibility,15x15,15,15,5,exact,42,3.780151525526519e-15,2.303907942220671e-16,0.02397037495393306,0.0015980249969288706,0.0013567091664299369,0.0013721210416406393,0.02100698696449399,9.327963925898075e-05,225,9.336438650886218e-05,True,
feasibility,15x15,15,15,10,exact,42,6.742262948251188e-15,1.6850661943977353e-16,0.18474133301060647,0.012316088867373764,0.002279376145452261,0.003807617467828095,0.17835501488298178,0.00010690127965062857,225,0.0007926889550354746,True,
